	False_0	False_1	False_2	False_3	False_4	False_5	False_6	False_7	False_8
0	0.04176706827309237	0.001532567049808429	0.029664324746291958	0.16258879242304658	0.13375295043273014	0.14093428345209816	0.17292006525285483	0.18964143426294822	0.170281124497992
1	0.1602787456445993	0.0	0.007319304666056723	0.04743833017077798	0.031007751937984496	0.047430830039525695	0.06313645621181264	0.07407407407407407	0.07265388496468214
2	0.1204301075268817	0.0	0.005342831700801424	0.05631244323342416	0.03904923599320883	0.04545454545454545	0.106	0.10466222645099904	0.10902255639097744
3	0.12259194395796848	0.0	0.01792991035044825	0.06382978723404255	0.023980815347721823	0.0505902192242833	0.10922112802148612	0.13886536833192212	0.13730355665839536
4	0.1690408357075024	0.0015564202334630353	0.037186742118027485	0.09421487603305785	0.047961630695443645	0.06896551724137932	0.11371237458193979	0.14820846905537458	0.1320450885668277
