	False_0	False_1	False_2	False_3	False_4	False_5	False_6	False_7	False_8
0	0.005633802816901409	0.0058823529411764705	0.002894356005788712	0.002150537634408602	0.0	0.0024009603841536613	0.0026455026455026454	0.021798365122615803	0.003012048192771084
1	0.07305936073059362	0.026385224274406333	0.006163328197226502	0.0	0.0	0.0	0.0	0.004968944099378882	0.0
2	0.005154639175257732	0.015228426395939087	0.00273224043715847	0.002805049088359046	0.0024360535931790502	0.0	0.0044943820224719105	0.00522875816993464	0.00273224043715847
3	0.07874015748031496	0.02279202279202279	0.0	0.0027662517289073307	0.0028901734104046246	0.0	0.0023148148148148147	0.005148005148005148	0.0023866348448687348
4	0.23024830699774265	0.04432132963988919	0.013422818791946308	0.005873715124816447	0.0025974025974025974	0.002325581395348837	0.007100591715976331	0.0053619302949061655	0.009828009828009828
