	False_0	False_1	False_2	False_3	False_4	False_5	False_6	False_7	False_8
0	0.006269592476489028	0.01721664275466284	0.0889248181083266	0.10301953818827708	0.1381692573402418	0.12335526315789473	0.11048839071257008	0.09792442788717401	0.06186759178953455
1	0.03287671232876713	0.014851485148514853	0.11015490533562822	0.1314814814814815	0.14081826831588964	0.14471243042671617	0.10931899641577061	0.12337662337662338	0.09679529103989536
2	0.012461059190031154	0.01278772378516624	0.12151067323481118	0.10434782608695653	0.13016710642040458	0.13593882752761258	0.10430463576158941	0.08816326530612245	0.08812729498164015
3	0.06024096385542168	0.010430247718383311	0.12264150943396226	0.12282157676348547	0.15334420880913538	0.170281124497992	0.16585365853658537	0.15044776119402983	0.08164414414414414
4	0.1277777777777778	0.014869888475836429	0.18739903069466882	0.17905102954341987	0.21727515583259127	0.21509106678230702	0.22123893805309733	0.21372854914196568	0.16229712858926343
