	False_0	False_1	False_2	False_3	False_4	False_5	False_6	False_7	False_8
0	0.01954397394136808	0.08405172413793102	0.05019815059445178	0.04268292682926829	0.04506065857885615	0.08042895442359249	0.16964285714285712	0.16586538461538464	0.11779769526248399
1	0.013949433304272013	0.08341608738828203	0.06451612903225808	0.1341991341991342	0.09278350515463918	0.12719298245614036	0.18609022556390978	0.24765157984628525	0.23690987124463522
2	0.01060070671378092	0.0759493670886076	0.07440811724915444	0.13651137594799567	0.10275689223057645	0.1322140608604407	0.20397111913357402	0.23679727427597955	0.21447721179624663
3	0.020387359836901122	0.09072978303747534	0.05867970660146699	0.08549222797927461	0.06258890469416785	0.10454545454545454	0.19428571428571428	0.24264049955396969	0.22899353647276083
4	0.02	0.08879919273461151	0.058252427184466014	0.08194622279129321	0.07303370786516854	0.1176470588235294	0.1902834008097166	0.21923076923076923	0.22157996146435452
