	False_0	False_1	False_2	False_3	False_4	False_5	False_6	False_7	False_8
0	0.02287581699346405	0.12272291466922339	0.15848406546080968	0.2028753993610224	0.20398009950248758	0.24483550114766645	0.2411985018726592	0.23374613003095976	0.25672559569561876
1	0.032679738562091505	0.12050359712230216	0.1981833195706028	0.19951729686242958	0.21405228758169936	0.22118380062305298	0.2494398805078417	0.24661654135338348	0.26937547027840486
2	0.03751465416178195	0.11680143755615453	0.2087378640776699	0.2085308056872038	0.2266244057052298	0.23195084485407066	0.24107142857142855	0.24776119402985075	0.25975975975975973
3	0.04576043068640646	0.14025500910746813	0.21382636655948553	0.23215686274509803	0.24588880187940482	0.2507739938080495	0.2658700522778193	0.2572298325722983	0.2916358253145818
4	0.05235602094240838	0.1680071492403932	0.21262458471760795	0.23652453740949317	0.2540453074433657	0.275	0.272385252069225	0.2555133079847909	0.2958579881656805
