	False_0	False_1	False_2	False_3	False_4	False_5	False_6	False_7	False_8
0	0.020134228187919465	0.18936877076411962	0.19787408013082583	0.21979865771812082	0.22027972027972026	0.25065274151436034	0.24791859389454207	0.24911032028469748	0.2542955326460481
1	0.0140597539543058	0.16159860990443092	0.19302514193025141	0.20783373301358912	0.21686746987951808	0.23974763406940067	0.22094926350245497	0.21739130434782614	0.22330888345558272
2	0.01075268817204301	0.17796610169491528	0.17756255044390637	0.19968051118210864	0.1976284584980237	0.21394611727416796	0.19639934533551556	0.20611916264090177	0.21788617886178863
3	0.016666666666666666	0.1994884910485933	0.2280701754385965	0.23851732473811443	0.24358974358974356	0.24675324675324675	0.2413793103448276	0.25795918367346937	0.27195945945945943
4	0.012182741116751269	0.1899736147757256	0.2209585702680747	0.23974255832662916	0.24154589371980675	0.2407704654895666	0.2389830508474576	0.25	0.26021684737281064
