	False_0	False_1	False_2	False_3	False_4	False_5	False_6	False_7	False_8
0	0.006230529595015577	0.006430868167202572	0.025848142164781908	0.0202808112324493	0.015503875968992246	0.006139677666922487	0.010794140323824211	0.01082753286929621	0.009295120061967466
1	0.06614785992217899	0.006530612244897959	0.04568527918781726	0.04477611940298507	0.02411575562700964	0.007733952049497293	0.01754385964912281	0.024252223120452707	0.012841091492776882
2	0.009216589861751152	0.004971002485501243	0.034722222222222224	0.019801980198019802	0.007993605115907274	0.0045871559633027525	0.006220839813374806	0.014195583596214511	0.004694835680751174
3	0.05420054200542005	0.0032441200324411995	0.034369885433715226	0.029780564263322883	0.018633540372670808	0.009237875288683603	0.010794140323824211	0.012451361867704283	0.015503875968992246
4	0.07427055702917773	0.009700889248181082	0.05227655986509275	0.04494382022471911	0.05080831408775982	0.03211009174311927	0.035303146584804296	0.05965463108320252	0.02527646129541864
