	False_0	False_1	False_2	False_3	False_4	True_0	True_1	True_2	True_3	True_4
0	0.01171875	0.08147429679922406	0.04444444444444445	0.11916583912611717	0.1814814814814815	0.015873015873015872	0.08083140877598152	0.12681912681912683	0.07951070336391436	0.16581371545547594
1	0.004484304932735426	0.13346418056918546	0.16048144433299902	0.18546845124282982	0.1895161290322581	0.01	0.041666666666666664	0.06199770378874857	0.16551724137931034	0.12552301255230125
2	0.0	0.10843373493975904	0.03675675675675676	0.15283018867924528	0.17547357926221335	0.007339449541284404	0.0715036803364879	0.1092150170648464	0.16205533596837945	0.13962635201573256
3	0.004705882352941176	0.18164794007490637	0.17137096774193547	0.2303754266211604	0.17440758293838862	0.0202020202020202	0.13141683778234087	0.09244644870349493	0.17833173537871524	0.21311475409836064
4	0.024948024948024946	0.140625	0.20246478873239437	0.22180094786729856	0.19979818365287588	0.05291005291005291	0.14568158168574402	0.15824594852240229	0.21718602455146369	0.188
