	False_0	False_1	False_2	False_3	False_4	True_0	True_1	True_2	True_3	True_4
0	0.014678899082568806	0.19272727272727272	0.3269230769230769	0.2381413359148112	0.31606217616580307	0.0071174377224199285	0.14372716199756394	0.18302094818081588	0.3229689067201605	0.2865916069600819
1	0.0	0.11578947368421051	0.18014705882352938	0.2965779467680609	0.2272300469483568	0.007168458781362009	0.09703504043126684	0.23949579831932774	0.22	0.1855249745158002
2	0.0	0.14035087719298245	0.23817863397548159	0.20878048780487804	0.17641418983700863	0.007380073800738009	0.08894878706199462	0.25799338478500555	0.19607843137254902	0.24281150159744408
3	0.0	0.1917293233082707	0.23963963963963966	0.2222222222222222	0.25206991720331184	0.017985611510791366	0.15466666666666665	0.17667044167610418	0.22517911975435007	0.25465230166503433
4	0.02711864406779661	0.20773480662983426	0.35102739726027393	0.25684608120868746	0.31626235399820307	0.02345058626465662	0.16553287981859408	0.1925601750547046	0.20127118644067798	0.24691358024691362
