	False_0	False_1	False_2	False_3	False_4
0	0.05714285714285715	0.2310756972111554	0.28360413589364847	0.2410785091197462	0.2931696085955487
1	0.04630969609261939	0.14583333333333334	0.16744186046511628	0.28803905614320585	0.215
2	0.024132730015082954	0.22464375523889354	0.16117216117216118	0.2666666666666667	0.24752475247524752
3	0.07365439093484419	0.14407582938388624	0.1915641476274165	0.25535561268209084	0.29833333333333334
4	0.06367583212735166	0.1369334619093539	0.2866191607284244	0.273950910530483	0.29623944742901004
