	False_0	False_1	False_2	False_3	False_4
0	0.03915171288743882	0.2448579823702253	0.16441207075962538	0.2521655437921078	0.2537980339588919
1	0.03539823008849558	0.1763440860215054	0.33081285444234404	0.30226244343891406	0.20796890184645286
2	0.01907790143084261	0.1142857142857143	0.14502164502164502	0.22160664819944598	0.3054003724394786
3	0.042168674698795185	0.22108495394063457	0.18034447821681865	0.20573689416419388	0.3762886597938144
4	0.043668122270742356	0.1823966065747614	0.18262806236080179	0.4559216384683882	0.20833333333333334
