	False_0	False_1	False_2	False_3	False_4
0	0.031294452347083924	0.025477707006369425	0.22565969062784352	0.24909747292418774	0.19426048565121412
1	0.019184652278177457	0.15824594852240226	0.04455445544554455	0.08616780045351473	0.17938144329896907
2	0.010139416983523447	0.13756613756613756	0.18658892128279883	0.1873170731707317	0.13362541073384446
3	0.03145478374836173	0.03291139240506329	0.2309124767225326	0.18525896414342632	0.2226600985221675
4	0.04773869346733668	0.18352059925093633	0.19553666312433582	0.25457875457875456	0.2932604735883425
