	False_0	False_1	False_2	False_3	False_4	False_5	False_6	False_7	False_8
0	0.2621722846441948	0.012422360248447204	0.15539568345323743	0.1775147928994083	0.1712583767684289	0.18018018018018017	0.25076923076923074	0.24238128986534369	0.24162011173184356
1	0.39349593495934965	0.020813623462630083	0.2663605051664753	0.2171837708830549	0.20646506777893636	0.2653288740245262	0.28199566160520606	0.23404255319148937	0.24191866527632952
2	0.37101449275362325	0.016129032258064512	0.1414141414141414	0.1798483206933911	0.16901408450704225	0.22584147665580892	0.2596858638743455	0.24532224532224536	0.230174081237911
3	0.39041916167664664	0.02012808783165599	0.2298424467099166	0.2335216572504708	0.23306233062330625	0.2590866728797763	0.27247451343836887	0.2696832579185521	0.2826855123674912
4	0.4496551724137931	0.05333333333333334	0.3210912906610703	0.2968270214943705	0.30396902226524686	0.3420229405630865	0.34051282051282056	0.3480040941658137	0.34455445544554447
