	False_0	False_1	False_2	False_3	False_4	False_5	False_6	False_7	False_8
0	0.2832214765100671	0.21721311475409832	0.23447401774397972	0.25395152792413067	0.24470831182240582	0.23084479371316308	0.23111919927206553	0.23148602256007847	0.23353573096683794
1	0.26884226884226886	0.20067796610169492	0.2411252511721366	0.24152803450400498	0.2470997679814385	0.24985337243401765	0.2532504239683437	0.2539312754804892	0.25376593279258397
2	0.22641509433962265	0.1715076071922545	0.2245989304812834	0.21755253399258342	0.224	0.22937853107344636	0.2297965915338098	0.23635340461451884	0.2358916478555305
3	0.27241139680333565	0.2332670642809808	0.24364820846905536	0.2671840354767184	0.25748817656332107	0.255863539445629	0.25127161749745675	0.2572482867685819	0.2667369530838165
4	0.28529411764705886	0.228	0.24437299035369775	0.2579881656804734	0.25280898876404495	0.24245810055865924	0.23593073593073594	0.25280898876404495	0.2610188895248999
