	False_0	False_1	False_2	False_3	False_4	False_5	False_6	False_7	False_8	True_0	True_1	True_2	True_3	True_4	True_5	True_6	True_7	True_8
0	0.008368200836820085	0.005943536404160475	0.002824858757062147	0.01639344262295082	0.010889292196007259	0.017301038062283735	0.047358834244080154	0.0497131931166348	0.03368421052631579	0.013986013986013986	0.008695652173913044	0.019680196801968017	0.028169014084507046	0.030303030303030304	0.06427688504326329	0.09999999999999999	0.12879708383961117	0.10540184453227933
1	0.0062827225130890054	0.01509433962264151	0.012499999999999999	0.030855539971949505	0.06800618238021637	0.048411497730711045	0.07837445573294631	0.10850439882697947	0.12129760225669958	0.014767932489451479	0.010680907877169559	0.014268727705112961	0.05947955390334572	0.07682458386683738	0.11600429645542427	0.14741035856573706	0.18290258449304175	0.17894736842105263
2	0.0024390243902439024	0.013550135501355011	0.010282776349614399	0.037900874635568516	0.03927986906710311	0.023411371237458192	0.05128205128205128	0.10263929618768329	0.11875843454790823	0.009174311926605503	0.008075370121130552	0.017434620174346202	0.0602258469259724	0.0741687979539642	0.10078387458006718	0.15305067218200621	0.18021547502448582	0.17094017094017097
3	0.009375	0.01685393258426966	0.02267002518891688	0.015772870662460567	0.01023890784982935	0.01658374792703151	0.036974789915966394	0.08591065292096221	0.09415584415584416	0.028409090909090908	0.016150740242261104	0.023866348448687347	0.03660130718954248	0.022695035460992906	0.07852193995381063	0.09847596717467762	0.15593220338983055	0.14823529411764705
4	0.024193548387096777	0.024793388429752067	0.012610340479192938	0.012519561815336462	0.013245033112582781	0.006420545746388444	0.03648424543946933	0.05614035087719298	0.06484641638225255	0.03045685279187817	0.013661202185792348	0.01916167664670659	0.034076015727391884	0.031704095112285335	0.08073817762399078	0.11098527746319366	0.14414414414414414	0.1413173652694611
