	False_0	False_1	False_2	False_3	False_4	False_5	False_6	False_7	False_8
0	0.0	0.00791295746785361	0.0030959752321981426	0.0	0.0	0.004291845493562231	0.0062959076600209865	0.01084010840108401	0.008787346221441126
1	0.0	0.011111111111111112	0.0	0.002628120893561104	0.006833712984054669	0.008016032064128258	0.005870841487279844	0.0020876826722338207	0.004077471967380225
2	0.0	0.012077294685990338	0.0	0.005256241787122208	0.006586169045005488	0.003626473254759746	0.0017699115044247785	0.00364963503649635	0.0037105751391465678
3	0.0	0.007263922518159806	0.0	0.0	0.00271370420624152	0.0020876826722338207	0.007633587786259543	0.005649717514124295	0.011070110701107012
4	0.011834319526627217	0.009153318077803205	0.0	0.0	0.0	0.004098360655737706	0.012903225806451613	0.007881773399014778	0.017094017094017092
