	False_0	False_1	False_2	False_3	False_4	False_5	False_6	False_7	False_8	True_0	True_1	True_2	True_3	True_4	True_5	True_6	True_7	True_8
0	0.0068143100511073255	0.13815789473684212	0.006688963210702341	0.0187207488299532	0.17830290010741143	0.14463276836158193	0.14070351758793967	0.12213740458015268	0.15384615384615385	0.014010507880910683	0.11636363636363636	0.08069164265129683	0.10092961487383798	0.17011995637949837	0.14855875831485588	0.15151515151515152	0.15469613259668508	0.13163972286374134
1	0.019257221458046765	0.15873015873015875	0.005925925925925926	0.02387267904509284	0.07858048162230671	0.13836477987421383	0.14951245937161428	0.17007534983853606	0.1847389558232932	0.007050528789659224	0.08938547486033518	0.054945054945054944	0.0645933014354067	0.08915662650602409	0.14046121593291405	0.12334801762114538	0.133764832793959	0.17558022199798184
2	0.0065040650406504065	0.14965986394557823	0.012030075187969926	0.01912568306010929	0.07957559681697612	0.13450937155457554	0.13390928725701945	0.1543550165380375	0.18786692759295495	0.0025575447570332483	0.08352668213457076	0.06675567423230974	0.06287787182587666	0.0921985815602837	0.1382978723404255	0.13333333333333333	0.1405049396267838	0.16803278688524592
3	0.020547945205479454	0.13096559378468367	0.03609022556390978	0.05994550408719346	0.15192743764172334	0.17679558011049726	0.18604651162790697	0.1965811965811966	0.18162839248434237	0.03205128205128205	0.1310344827586207	0.06986899563318777	0.09921671018276762	0.15065502183406113	0.14879649890590807	0.13879408418657566	0.16191562143671606	0.15227272727272728
4	0.02564102564102564	0.17724288840262584	0.01834862385321101	0.06028833551769332	0.13738738738738737	0.19198312236286916	0.18884120171673816	0.18996798292422626	0.17689906347554632	0.044182621502209134	0.10256410256410256	0.047477744807121657	0.07761966364812418	0.15265486725663716	0.13179190751445086	0.15085714285714286	0.1810344827586207	0.14269005847953214
