	False_0	False_1	False_2	False_3	False_4	False_5	False_6	False_7	False_8
0	0.012461059190031152	0.11320754716981131	0.026755852842809364	0.05459057071960297	0.07112970711297072	0.08379888268156425	0.10140237324703345	0.10536980749746708	0.09894736842105264
1	0.017660044150110375	0.10902896081771721	0.019543973941368076	0.0509915014164306	0.03508771929824561	0.06091370558375634	0.08695652173913043	0.08695652173913043	0.08146067415730338
2	0.0	0.09005628517823638	0.019169329073482427	0.07407407407407407	0.03560830860534125	0.0511727078891258	0.06818181818181819	0.07375886524822695	0.08281053952321203
3	0.0	0.09451795841209831	0.018691588785046728	0.05438066465256797	0.0632183908045977	0.08137044967880086	0.07507507507507508	0.07142857142857144	0.08031088082901555
4	0.024937655860349125	0.10507246376811594	0.013937282229965157	0.07713498622589533	0.06650831353919241	0.06467661691542288	0.08970099667774085	0.10479041916167664	0.10977242302543508
