	False_0	False_1	False_2	False_3	False_4	False_5	False_6	False_7	False_8
0	0.03125	0.15993121238177127	0.022377622377622378	0.056179775280898875	0.14181438998957246	0.1791907514450867	0.208029197080292	0.22546161321671526	0.19241443108233117
1	0.011611030478955007	0.15209790209790208	0.020477815699658702	0.052401746724890834	0.040313549832026875	0.06935123042505593	0.13716404077849859	0.17996289424860853	0.17530631479736097
2	0.009493670886075948	0.14581607290803647	0.055741360089186176	0.07454739084132055	0.07205240174672489	0.12550607287449392	0.1792369121561668	0.17137476459510356	0.18864468864468864
3	0.009615384615384616	0.17501988862370724	0.09868421052631578	0.10189810189810192	0.17897480451781062	0.17781851512373967	0.2276150627615063	0.25335570469798663	0.2445193929173693
4	0.015625	0.15829787234042555	0.016241299303944315	0.08757637474541752	0.1115702479338843	0.14836795252225518	0.2001696352841391	0.23903697334479793	0.2439446366782007
