	False_0	False_1	False_2	False_3	False_4
0	0.36561085972850677	0.18294849023090584	0.32263242375601925	0.33224755700325737	0.34824281150159747
1	0.19142857142857142	0.2201834862385321	0.2734463276836158	0.32401315789473684	0.236727589208007
2	0.1678726483357453	0.3360142984807864	0.2523809523809524	0.22784810126582275	0.36517328825021134
3	0.34050179211469533	0.23231441048034931	0.3295454545454546	0.25925925925925924	0.37966640190627476
4	0.3592592592592593	0.3580146460537022	0.39633027522935776	0.4264049955396967	0.3579638752052545
