	False_0	False_1	False_2	False_3	False_4
0	0.3252647503782148	0.40513983371126233	0.4186684969114619	0.3779971791255289	0.4017155110793424
1	0.18341463414634146	0.2990152193375112	0.2938388625592417	0.26766917293233083	0.16267942583732056
2	0.18233618233618235	0.16313213703099513	0.213206046141607	0.2946896035901272	0.3181818181818182
3	0.3264049268668206	0.20189274447949526	0.4654346338124572	0.27084927314460594	0.3697234352256186
4	0.342443729903537	0.2233009708737864	0.38974358974358975	0.30851063829787234	0.44756277695716395
