	False_0	False_1	False_2	False_3	False_4
0	0.33254901960784317	0.320450885668277	0.4453900709219858	0.45924875974486185	0.3489425981873112
1	0.22199170124481327	0.34336283185840705	0.37100545596258766	0.3769633507853404	0.37622272385252065
2	0.21030927835051544	0.4456035767511178	0.31406249999999997	0.23859087269815857	0.24860557768924305
3	0.34658187599364065	0.5024840312278211	0.44780417566594677	0.24879614767255215	0.381300219138057
4	0.36171938361719386	0.40822784810126583	0.3675018982536067	0.4020848845867461	0.43204577968526464
