f_score0_promptFalse,f_score,recall,accuracy,model,precision,mets,prompt,img,shots,ent_met_person,acc_met_person,ent_met_misceallonous,acc_met_misceallonous,ent_met_organization,acc_met_organization,ent_met_location,acc_met_location,ent_met_none,acc_met_none
0.10230179028132994,0.10230179028132994,0.13114754098360656,0.35,opt-2.7b,0.08385744234800839,40-265-338-437,0_prompt,False,5,157,14,54,2,72,10,123,14,674,338
0.1240506329113924,0.1240506329113924,0.15605095541401273,0.3592592592592593,opt-2.7b,0.10294117647058823,49-265-339-427,0_prompt,False,4,157,20,54,5,72,5,123,19,674,339
0.06108897742363877,0.06108897742363877,0.07666666666666666,0.3453703703703704,opt-2.7b,0.05077262693156733,23-277-350-430,0_prompt,False,3,157,13,54,1,72,5,123,4,674,350
0.11032863849765259,0.11032863849765259,0.16376306620209058,0.29814814814814816,opt-2.7b,0.0831858407079646,47-240-275-518,0_prompt,False,2,157,22,54,2,72,9,123,14,674,275
0.10526315789473685,0.10526315789473685,0.15547703180212014,0.3074074074074074,opt-2.7b,0.07956600361663653,44-239-288-509,0_prompt,False,1,157,19,54,4,72,9,123,12,674,288
0.05893186003683241,0.05893186003683241,0.04336043360433604,0.5268518518518519,opt-2.7b,0.09195402298850575,16-353-553-158,0_prompt,False,0,157,10,54,0,72,1,123,5,674,553
