	False_0	False_1	False_2	False_3	False_4	True_0	True_1	True_2	True_3	True_4
0	0.4603174603174603	0.3872216844143272	0.47438330170777976	0.4158790170132325	0.4517958412098299	0.4700665188470066	0.38159156279961653	0.43972999035679844	0.4820415879017013	0.388671875
1	0.6736842105263158	0.6084905660377358	0.5643776824034333	0.5656350053361793	0.5665601703940362	0.6612685560053981	0.6148238153098421	0.5761226725082147	0.6051401869158879	0.6089965397923875
2	0.6385542168674699	0.577873254564984	0.5193260654112983	0.5675675675675675	0.554994954591322	0.6573604060913706	0.5788900979325353	0.5764192139737991	0.5632911392405063	0.5496957403651116
3	0.6285046728971962	0.5478887744593203	0.538160469667319	0.544378698224852	0.5741324921135647	0.6485148514851485	0.5609492988133764	0.5373423860329777	0.5796791443850268	0.5593561368209256
4	0.6446700507614213	0.5985748218527316	0.6105263157894736	0.5537459283387622	0.5680087051142546	0.6222826086956522	0.617314930991217	0.5845799769850404	0.6257521058965102	0.5895439377085651
