	False_0	False_1	False_2	False_3	False_4	True_0	True_1	True_2	True_3	True_4
0	0.4678714859437751	0.3852242744063324	0.4995693367786391	0.4932659932659933	0.4066901408450704	0.4644268774703557	0.4683760683760684	0.4900332225913621	0.45438898450946646	0.4554794520547945
1	0.6598173515981735	0.5897714907508161	0.558	0.597678916827853	0.5738963531669865	0.6192170818505338	0.5485148514851486	0.5688442211055277	0.5793397231096912	0.5464684014869888
2	0.6558791801510249	0.594488188976378	0.603988603988604	0.5910714285714286	0.5957446808510639	0.62015503875969	0.5907692307692307	0.5459411239964317	0.5630550621669627	0.5574912891986062
3	0.6250000000000001	0.5733461169702782	0.5522788203753352	0.5669835782195334	0.5614035087719298	0.6122004357298475	0.5315068493150685	0.5408348457350272	0.5740913327120224	0.5528455284552845
4	0.6139954853273139	0.6130760986066454	0.5728061716489875	0.5594795539033458	0.6045081967213114	0.5943396226415094	0.5884816753926703	0.557345971563981	0.5754245754245755	0.5794392523364486
