	False_0	False_1	False_2	False_3	False_4	False_5	False_6	False_7	False_8
0	0.2513167795334838	0.19388516032811334	0.24833702882483372	0.2802547770700637	0.29212043561819345	0.29658284977433913	0.29427083333333337	0.2956636005256242	0.29818670248488927
1	0.1998149861239593	0.24113475177304963	0.22428460943542153	0.3082386363636364	0.3123249299719888	0.3026952315134761	0.29098360655737704	0.3065187239944521	0.3045977011494253
2	0.17367949865711726	0.22170900692840645	0.22392638036809814	0.2935906271536871	0.3058823529411765	0.3105849582172702	0.29110512129380056	0.2964996568291009	0.29920116194626
3	0.2793553338449731	0.2658700522778193	0.2857142857142857	0.3072916666666667	0.3067961165048544	0.3185136031851361	0.3094140882159316	0.32297297297297295	0.32338653712699517
4	0.27519999999999994	0.27496159754224275	0.2784431137724551	0.31147540983606553	0.31713900134952766	0.33310104529616724	0.31789910158949547	0.33239831697054695	0.33237410071942447
