	False_0	False_1	False_2	False_3	False_4	False_5	False_6	False_7	False_8
0	0.2491490810074881	0.30650804758572425	0.29503546099290784	0.27304714989444057	0.2975495915985998	0.2984709480122324	0.2921348314606742	0.2936458975940777	0.29504232164449823
1	0.2076069730586371	0.28722600151171573	0.2886904761904762	0.2651296829971182	0.28983688833124216	0.29381443298969073	0.29561805101373445	0.29510309278350516	0.3049738219895288
2	0.17265087853323147	0.3059532780708365	0.2897058823529412	0.24999999999999994	0.2799013563501849	0.2911392405063291	0.2910495814552479	0.2942675159235669	0.2906976744186046
3	0.2735781137508999	0.34063604240282686	0.3156404812455768	0.2937062937062937	0.3106674984404242	0.3075916230366492	0.2996005326231691	0.3086092715231788	0.2980132450331126
4	0.29010989010989013	0.32786885245901637	0.31959508315256685	0.2980225988700565	0.30609597924773024	0.3161419959812458	0.31322033898305085	0.3170731707317073	0.31722260040844114
