	False_0	False_1	False_2	False_3	False_4	False_5	False_6	False_7	False_8
0	0.13368983957219252	0.003067484662576687	0.03397683397683397	0.08533747090768037	0.09914794732765299	0.06327160493827161	0.10625	0.11670663469224621	0.07303807303807304
1	0.22388059701492538	0.007763975155279503	0.05750224618149146	0.10482180293501048	0.11955420466058762	0.12961296129612962	0.09855072463768116	0.10321100917431192	0.11014492753623187
2	0.18443113772455091	0.004647560030983733	0.061619718309859156	0.1142263759086189	0.11949685534591194	0.14531548757170173	0.11347517730496456	0.11334120425029516	0.10666666666666667
3	0.26135105204872644	0.007698229407236335	0.09508716323296355	0.1273031825795645	0.12850082372322902	0.13397901533494752	0.11320754716981132	0.1391801715919924	0.11488673139158578
4	0.30460448642266824	0.013761467889908258	0.1277602523659306	0.17369727047146402	0.17871649065800163	0.17837411207576953	0.1637239165329053	0.170324846356453	0.1757188498402556
