	False_0	False_1	False_2	False_3	False_4	False_5	False_6	False_7	False_8
0	0.22960725075528698	0.14996288047512993	0.24415204678362576	0.27991298042059465	0.2871720116618076	0.27436823104693137	0.2646420824295011	0.24796274738067522	0.27168367346938777
1	0.1900282220131703	0.18283881315156375	0.24449506454062264	0.2899628252788104	0.2916666666666667	0.28341855368882396	0.2907749077490775	0.2578125	0.28682170542635654
2	0.16512059369202228	0.16116653875671527	0.24661654135338343	0.28804751299183373	0.284655300222387	0.27351664254703323	0.2852941176470588	0.2527352297592998	0.27678571428571425
3	0.2639751552795031	0.23721275018532245	0.28885630498533726	0.3174835405998537	0.32106038291605304	0.3181148748159057	0.31892697466467956	0.2730496453900709	0.3026666666666667
4	0.2646103896103896	0.22670807453416145	0.2870159453302961	0.31729323308270674	0.3201196709050112	0.31988041853512705	0.32	0.2804200123533045	0.30779944289693595
