	False_0	False_1	False_2	False_3	False_4	False_5	False_6	False_7	False_8
0	0.16913319238900634	0.13321799307958476	0.13366750208855474	0.14014839241549876	0.1361771944216571	0.15359477124183007	0.1397238017871649	0.14469453376205788	0.12034837688044339
1	0.14285714285714285	0.13819095477386933	0.16628175519630484	0.20128479657387582	0.19222903885480574	0.1847715736040609	0.19282051282051282	0.18410041841004182	0.16830796777081472
2	0.14516129032258066	0.13448607108549473	0.15737051792828685	0.14814814814814814	0.15041782729805014	0.148014440433213	0.16425992779783394	0.16470588235294115	0.13926174496644295
3	0.15700934579439252	0.12575366063738155	0.14044444444444446	0.15475189234650968	0.14691151919866444	0.14864864864864863	0.14735099337748345	0.15166666666666667	0.13647058823529412
4	0.20642978003384096	0.21814006888633755	0.19736842105263158	0.2309322033898305	0.22310756972111553	0.22668004012036105	0.2165725047080979	0.2120622568093385	0.18890814558058924
