	False_0	False_1	False_2	False_3	False_4	False_5	False_6	False_7	False_8
0	0.2513167795334838	0.07611940298507464	0.19823788546255505	0.21531100478468904	0.23206487835308798	0.2516881522406384	0.2552404438964242	0.2314266929651545	0.2536912751677852
1	0.1998149861239593	0.13333333333333336	0.20029455081001474	0.1937669376693767	0.2304469273743017	0.2424242424242424	0.2523033309709426	0.2321167883211679	0.24945295404814002
2	0.17367949865711726	0.10202550637659413	0.19407407407407404	0.16928327645051194	0.21974965229485396	0.23414634146341468	0.24524312896405917	0.23682310469314075	0.23631123919308356
3	0.2793553338449731	0.14468726450640543	0.2649006622516556	0.24198822759973837	0.2839919624916276	0.28763440860215056	0.2897959183673469	0.270042194092827	0.2817098808689559
4	0.27519999999999994	0.1555891238670695	0.2599118942731278	0.25704467353951893	0.28551336146272854	0.29036827195467424	0.29411764705882354	0.27192982456140347	0.2778181818181818
