	False_0	False_1	False_2	False_3	False_4	False_5	False_6	False_7	False_8
0	0.2593346911065852	0.2663636363636364	0.31006047278724574	0.25725770433229117	0.25162028211971027	0.2723509933774835	0.2526080476900149	0.25407407407407406	0.25593869731800767
1	0.22655663915978994	0.30275229357798167	0.2973878097789685	0.2679059595407326	0.25415778251599147	0.28121927236971483	0.25391849529780564	0.25572519083969464	0.2714223575467594
2	0.21316165951359087	0.2785583384239463	0.31453218314532183	0.25542916235780766	0.25449979070740897	0.282442748091603	0.25185764567852953	0.2571537581075925	0.2663793103448276
3	0.2839248434237996	0.3103448275862069	0.3301775147928995	0.2918080465341735	0.2600644122383253	0.28995947771274194	0.2494279176201373	0.26009316770186336	0.2661157024793388
4	0.2945848375451263	0.31815421979356406	0.34703196347031967	0.31422018348623854	0.2712014134275618	0.30040322580645157	0.2494061757719715	0.2541966426858513	0.2629757785467128
