	False_0	False_1	False_2	False_3	False_4	False_5	False_6	False_7	False_8
0	0.11472275334608031	0.08228379513014274	0.0757201646090535	0.09314140558848434	0.09435551811288964	0.10679611650485436	0.11802232854864433	0.11369095276220977	0.11138014527845037
1	0.12416107382550336	0.10796915167095116	0.07802093244529021	0.09142857142857143	0.11100478468899522	0.10765349032800672	0.12749003984063745	0.11900826446280992	0.12845528455284552
2	0.13210445468509985	0.10426540284360189	0.07400555041628122	0.09029779058597502	0.11068702290076336	0.1162981162981163	0.13005551149881048	0.13192182410423453	0.13181448331977216
3	0.09375	0.10242587601078167	0.09764309764309764	0.11452991452991453	0.12259194395796846	0.13026211278792693	0.1362916006339144	0.1319388576025744	0.12693246541903988
4	0.12006861063464837	0.1516164994425864	0.12655800575263665	0.12406015037593984	0.13370473537604458	0.1376994122586062	0.15346938775510208	0.14249790444258173	0.14119601328903655
