	False_0	False_1	False_2	False_3	False_4	False_5	False_6	False_7	False_8	True_0	True_1	True_2	True_3	True_4	True_5	True_6	True_7	True_8
0	0.008368200836820085	0.14995640802092414	0.13065326633165827	0.15740740740740738	0.18181818181818185	0.19614417435037718	0.18737270875763748	0.2150101419878296	0.20246478873239437	0.013986013986013986	0.10997204100652376	0.10954063604240283	0.15672913117546847	0.16808149405772496	0.18011894647408666	0.16463985032740877	0.18005295675198588	0.18121363258520368
1	0.0062827225130890054	0.13611615245009073	0.1081081081081081	0.11778846153846154	0.16649323621227888	0.2108843537414966	0.22555066079295155	0.24535315985130113	0.24457935819601037	0.014767932489451479	0.10869565217391305	0.09250693802035151	0.16100872938894278	0.1550239234449761	0.18659881255301103	0.20104895104895104	0.21016949152542372	0.21194280908326324
2	0.0024390243902439024	0.12154696132596685	0.09973753280839895	0.11416026344676182	0.14916584887144257	0.21670802315963608	0.1987120515179393	0.23212627669452182	0.2224137931034483	0.009174311926605503	0.10246305418719212	0.08727272727272728	0.1608325449385052	0.15977961432506887	0.18959731543624164	0.1784121320249777	0.20284995808885165	0.20932134096484054
3	NA	NA	NA	NA	NA	NA	NA	NA	NA	0.028409090909090908	0.12915129151291513	NA	NA	NA	NA	NA	NA	NA
4	NA	NA	NA	NA	NA	NA	NA	NA	NA	NA	NA	NA	NA	NA	NA	NA	NA	NA
