	False_0	False_1	False_2	False_3	False_4	False_5	False_6	False_7	False_8
0	0.012461059190031152	0.0873634945397816	0.056022408963585436	0.006825938566552901	0.03636363636363636	0.08172043010752687	0.07068062827225131	0.060301507537688454	0.08561236623067776
1	0.017660044150110375	0.07830342577487764	0.030769230769230767	0.03846153846153846	0.0	0.055837563451776644	0.04433497536945812	0.050104384133611686	0.05671077504725897
2	0.0	0.07927927927927929	0.03977272727272728	0.007017543859649122	0.020477815699658702	0.02881844380403458	0.029850746268656712	0.042194092827004225	0.05138339920948617
3	0.0	0.061657032755298644	0.023738872403560828	0.006756756756756756	0.03715170278637771	0.05820105820105819	0.0530035335689046	0.06206896551724138	0.062295081967213124
4	0.024937655860349125	0.0856610800744879	0.03164556962025317	0.013888888888888888	0.034129692832764506	0.05970149253731343	0.07024793388429752	0.08015267175572519	0.07380073800738007
