	False_0	False_1	False_2	False_3	False_4	False_5	False_6	False_7	False_8
0	0.03125	0.21019108280254778	0.08871989860583017	0.17086527929901424	0.21754385964912282	0.3074611917876815	0.28028503562945367	0.25932721712538226	0.28808158062460165
1	0.011611030478955007	0.20630861040068202	0.08091286307053942	0.10173410404624278	0.23923444976076555	0.2745098039215686	0.27397260273972607	0.27283372365339575	0.2895104895104896
2	0.009493670886075948	0.17699115044247787	0.07003089598352215	0.1492204899777283	0.23657718120805368	0.2929606625258799	0.2655826558265582	0.254994124559342	0.29026098026734565
3	0.009615384615384616	0.20695807314897413	0.09999999999999999	0.15566037735849056	0.2935928629359286	0.3504016064257028	0.2982005141388175	0.3286908077994429	0.3235653235653235
4	0.015625	0.22144725370531826	0.12288135593220337	0.1408450704225352	0.29129129129129133	0.32515053265400645	0.299009900990099	0.3129181677817807	0.30484988452655887
