	False_0	False_1	False_2	False_3	False_4	False_5	False_6	False_7	False_8
0	0.4132841328413284	0.35345454545454547	0.41297935103244837	0.3940740740740741	0.40597014925373137	0.4110787172011662	0.45809248554913296	0.47041636230825423	0.41744102930664767
1	0.5134883720930232	0.5698005698005698	0.5606773283160865	0.5738636363636364	0.5649289099526066	0.5565693430656935	0.5519713261648745	0.5502645502645502	0.46712018140589573
2	0.48653061224489796	0.5220228384991843	0.5282093213409649	0.531687242798354	0.5365448504983389	0.5011746280344557	0.5007751937984496	0.5084485407066053	0.47103085026335595
3	0.4696485623003194	0.49801113762927607	0.5047021943573667	0.5192926045016076	0.5115170770452739	0.5084745762711865	0.5033809166040571	0.503793626707132	0.4965197215777262
4	0.4729493891797557	0.4903765690376569	0.524126455906822	0.5346187554776511	0.5519713261648747	0.5392491467576791	0.5246710526315789	0.5212418300653595	0.5007974481658691
