	False_0	False_1	False_2	False_3	False_4	False_5	False_6	False_7	False_8
0	0.38998957247132426	0.3935828877005348	0.42345276872964166	0.40825190010857765	0.4069264069264069	0.4048140043763676	0.42352941176470593	0.42534908700322227	0.4128342245989305
1	0.5130208333333333	0.5139072847682119	0.5158730158730159	0.5160427807486632	0.5212765957446808	0.5137614678899083	0.5063938618925831	0.503875968992248	0.4963144963144963
2	0.4409799554565701	0.4981684981684982	0.5207547169811321	0.5247148288973384	0.4891566265060241	0.5135135135135135	0.49106078665077474	0.49334945586457085	0.4864864864864865
3	0.4728132387706856	0.5138539042821159	0.532484076433121	0.5319693094629157	0.5175879396984924	0.5221799746514576	0.5268414481897628	0.5263157894736842	0.5091799265605874
4	0.49230769230769234	0.5082174462705437	0.5322997416020672	0.5340314136125655	0.5208596713021493	0.5328185328185329	0.5304568527918782	0.5257861635220126	0.5110565110565112
