	False_0	False_1	False_2	False_3	False_4	False_5	False_6	False_7	False_8
0	0.3012211668928087	0.3103448275862069	0.3247631935047361	0.310935441370224	0.31836734693877555	0.3274695534506089	0.31662269129287596	0.32925170068027215	0.32171581769436997
1	0.36869565217391304	0.4472271914132379	0.43006993006993005	0.4288224956063269	0.4397905759162304	0.42906574394463665	0.4349315068493151	0.43508771929824563	0.4322469982847342
2	0.3645320197044335	0.41680672268907565	0.4026845637583892	0.39669421487603307	0.4033333333333333	0.3953871499176277	0.4	0.3979933110367893	0.39087947882736157
3	0.38762214983713356	0.42276422764227645	0.40789473684210525	0.4047217537942664	0.41471571906354515	0.4	0.4143556280587276	0.4205298013245033	0.41479099678456594
4	0.367003367003367	0.4190800681431005	0.41438356164383555	0.411764705882353	0.41438356164383555	0.4148397976391231	0.4260162601626016	0.42689075630252094	0.4269293924466338
