	False_0	False_1	False_2	False_3	False_4	False_5	False_6	False_7	False_8
0	0.0	0.13487133984028396	0.16807909604519775	0.13920000000000002	0.1597938144329897	0.15061861215707373	0.15086432687270823	0.14900314795383	0.13712957582800697
1	0.006644518272425249	0.1289228159457167	0.1492063492063492	0.13793103448275865	0.15278838808250572	0.15529753265602325	0.155688622754491	0.16455696202531644	0.14808652246256238
2	0.0	0.12448812448812449	0.14035087719298245	0.1349206349206349	0.15542168674698795	0.16272360069244088	0.15617433414043583	0.16283405842137974	0.14357501794687724
3	0.005025125628140703	0.20246913580246917	0.20827178729689805	0.17664670658682638	0.18454697053918842	0.18960899839314407	0.19661016949152543	0.20378904249871996	0.18341121495327103
4	0.004716981132075471	0.18103448275862072	0.18084291187739465	0.17241379310344826	0.1727574750830565	0.1769470404984424	0.1952698605215282	0.20152314001171648	0.17721518987341772
