	False_0	False_1	False_2	False_3	False_4	False_5	False_6	False_7	False_8
0	0.0	0.06666666666666665	0.09246575342465753	0.07407407407407407	0.10720887245841036	0.11554800339847068	0.10085227272727273	0.09411764705882353	0.1029281277728483
1	0.006802721088435373	0.05843293492695883	0.0838095238095238	0.08897126969416126	0.1058601134215501	0.09052092228864218	0.09332113449222323	0.09764918625678119	0.09035409035409035
2	0.0	0.04897959183673469	0.07665505226480837	0.07813798836242726	0.09660842754367935	0.09010458567980693	0.07699037620297462	0.08970976253298153	0.09195402298850576
3	0.0	0.06408544726301735	0.08391608391608392	0.08702791461412152	0.1095435684647303	0.10770381451009722	0.11782032400589101	0.12363636363636364	0.11057225994180409
4	0.0	0.06857142857142857	0.08013640238704177	0.09701492537313432	0.13411078717201166	0.1134089392928619	0.12133333333333333	0.11234177215189874	0.11218229623137597
