	False_0	False_1	False_2	False_3	False_4	False_5	False_6	False_7	False_8
0	0	0.12440191387559808	0.09805447470817122	0.17425227568270482	0.1849112426035503	0.19766081871345026	0.21078431372549017	0.18978689183755526	0.16927083333333331
1	0	0.14311926605504585	0.09490940465918896	0.1598173515981735	0.1991769547325103	0.19919678714859437	0.20915032679738566	0.2192866578599736	0.19072164948453607
2	0	0.10744580584354384	0.07312925170068026	0.14759036144578314	0.17675941080196403	0.17771084337349397	0.1903520208604954	0.19343283582089552	0.17070217917675545
3	0	0.12431444241316271	0.09539473684210527	0.17869415807560135	0.20652999240698555	0.2194668319900806	0.2331691297208539	0.23292836196062	0.21588594704684322
4	0	0.13987284287011809	0.11278792692613185	0.1771058315334773	0.21273291925465837	0.22913719943422917	0.20696721311475408	0.22639540949400105	0.19358288770053475
