	False_0	False_1	False_2	False_3	False_4	False_5	False_6	False_7	False_8
0	0.004866180048661801	0.09123434704830054	0.15798045602605862	0.16468725257323832	0.20532319391634984	0.2023121387283237	0.2040510127531883	0.1948640483383686	0.18220338983050852
1	0.003194888178913738	0.07857142857142857	0.14626129827444537	0.18546365914786966	0.20111731843575417	0.19594594594594594	0.18056749785038695	0.16181229773462785	0.1723874904652937
2	0.0	0.07658833768494343	0.1305057096247961	0.16489795918367348	0.1864406779661017	0.19349593495934958	0.1847133757961783	0.15974941268598278	0.16515151515151516
3	0.004866180048661801	0.12099644128113879	0.1710097719869707	0.18093699515347336	0.2068452380952381	0.2115528882220555	0.21506949524506216	0.1813953488372093	0.19247467438494936
4	0.004662004662004662	0.09892086330935251	0.16962843295638128	0.20907617504051865	0.23484267075978513	0.22945736434108524	0.23053892215568864	0.1985074626865672	0.2121212121212121
