	False_0	False_1	False_2	False_3	False_4	False_5	False_6	False_7	False_8
0	0	0.17837078651685392	0.2075823492852704	0.21091679915209324	0.1902654867256637	0.2289156626506024	0.21255124566382844	0.21596244131455403	0.2272108843537415
1	0	0.18	0.19068413391557498	0.19363395225464192	0.19644970414201182	0.23245614035087722	0.20861860652436567	0.21819645732689208	0.2305451518934665
2	0	0.13757523645743766	0.14793328498912256	0.16511483550589695	0.1871281773931855	0.2356589147286822	0.20015760441292357	0.2063305978898007	0.2223987291501191
3	0	0.23952975753122702	0.22979797979797978	0.21691542288557214	0.24832514515408663	0.2544715447154472	0.2422893481717011	0.22889182058047491	0.24211938296445337
4	0	0.2211221122112211	0.2324621733149931	0.220023282887078	0.24972972972972973	0.25024925224327016	0.2457975345536048	0.23554757630161582	0.23745240567670475
