	False_0	False_1	False_2	False_3	False_4	False_5	False_6	False_7	False_8
0	0.0	0.12092283214001591	0.1862348178137652	0.1619144602851324	0.17940999397953042	0.1858163826278175	0.1681745609366684	0.1890243902439024	0.17617060732498843
1	0.0	0.12860676009892827	0.1704966641957005	0.15384615384615383	0.17731958762886596	0.18513323983169708	0.1770906535488405	0.16736990154711673	0.1596696490020647
2	0.0	0.09215844785772027	0.15832710978342046	0.14028985507246375	0.17955801104972377	0.17126680820948337	0.16655003498950313	0.1525925925925926	0.1610644257703081
3	0.003289473684210526	0.14854517611026033	0.19999999999999998	0.16539827498731607	0.19627329192546583	0.20924574209245744	0.18909512761020883	0.17960602549246812	0.19235225955967553
4	0.0033003300330033004	0.1705179282868526	0.19528619528619526	0.1755844155844156	0.19721871049304676	0.20877084620135886	0.17688679245283018	0.18909899888765294	0.20095693779904308
