	False_0	False_1	False_2	False_3	False_4	False_5	False_6	False_7	False_8
0	0.006289308176100629	0.013215859030837003	0.049844236760124616	0.06264323911382735	0.06590038314176246	0.0693815987933635	0.08400884303610906	0.11856677524429966	0.10283454185893211
1	0.024615384615384612	0.016018306636155607	0.09397024275646046	0.12305168170631665	0.15332197614991483	0.14054927302100162	0.12419354838709679	0.14350945857795172	0.14839572192513367
2	0.018750000000000003	0.01911589008363202	0.09516380655226209	0.11706512778235778	0.13090306545153274	0.12550937245313773	0.1076158940397351	0.11140235910878113	0.1289902280130293
3	0.006289308176100629	0.013100436681222705	0.060240963855421686	0.08077786088257292	0.0837138508371385	0.08955223880597014	0.10318664643399089	0.1277445109780439	0.13110539845758354
4	0.006289308176100629	0.012513034410844628	0.09865470852017937	0.13749999999999998	0.1486697965571205	0.15671641791044777	0.1370067014147431	0.16810059563203175	0.156479217603912
