	False_0	False_1	False_2	False_3	False_4	False_5	False_6	False_7	False_8	True_0	True_1	True_2	True_3	True_4	True_5	True_6	True_7	True_8
0	0.41035120147874304	0.3774954627949183	0.41998149861239586	0.41979835013748856	0.41774491682070236	0.37272727272727274	0.39925719591457753	0.3651376146788991	0.4	0.400735294117647	0.3586572438162544	0.3804347826086956	0.3865698729582577	0.3807796917497734	0.3500897666068223	0.3685636856368564	0.34605146406388637	0.3496007098491571
1	0.5898389095415119	0.5931558935361216	0.5714285714285714	0.5795314426633785	0.5863354037267081	0.5717821782178217	0.5753086419753087	0.5771144278606964	0.5644171779141105	0.5532407407407407	0.5842696629213482	0.5694117647058823	0.571773220747889	0.5728155339805826	0.5491124260355029	0.5539906103286384	0.5480093676814989	0.5388127853881279
2	0.5098039215686274	0.4869739478957917	0.5121457489878543	0.503006012024048	0.5025536261491318	0.49199999999999994	0.5000000000000001	0.491542288557214	0.48046875000000006	0.498046875	0.4769381746810598	0.4820717131474104	0.4826904055390702	0.4820717131474104	0.4770283479960899	0.4764705882352942	0.4811594202898551	0.473384030418251
3	0.48046875000000006	0.4713740458015267	0.4888888888888889	0.4883720930232558	0.4785992217898832	0.4785992217898832	0.4818805093046033	0.49173955296404276	0.47846889952153104	0.46808510638297873	0.469811320754717	0.4774688398849473	0.47664442326024786	0.4751908396946565	0.4727272727272727	0.47297297297297297	0.4704761904761905	0.4701421800947867
4	0.5328947368421052	0.5025641025641026	0.5040983606557377	0.5078043704474506	0.5095541401273884	0.5068928950159068	0.5085106382978724	0.5278969957081545	0.5089005235602094	0.5144694533762058	0.5005107252298263	0.5030549898167006	0.49848024316109424	0.499496475327291	0.49645390070921985	0.4944500504540867	0.5015045135406219	0.4940711462450593
