	False_0	False_1	False_2	False_3	False_4	False_5	False_6	False_7	False_8
0	0.4132841328413284	0.42951059167275385	0.4521868050407709	0.4682124158563949	0.43676470588235294	0.4104803493449781	0.40087145969498916	0.4492753623188406	0.43636363636363634
1	0.5134883720930232	0.5372848948374761	0.5515981735159817	0.5441176470588235	0.5469314079422383	0.4896988906497623	0.5370370370370371	0.5287915652879156	0.5186385737439222
2	0.48653061224489796	0.5072	0.5227272727272727	0.5218106995884774	0.5078125	0.4969325153374234	0.5092592592592592	0.5182926829268292	0.5075987841945289
3	0.4696485623003194	0.4934261407579273	0.5051628276409849	0.5047169811320755	0.48527131782945737	0.4953560371517028	0.5074862096138691	0.5133020344287951	0.5106048703849174
4	0.4729493891797557	0.49789029535864976	0.5033783783783784	0.5050167224080268	0.49578414839797635	0.4773790951638065	0.5277088502894955	0.517915309446254	0.5081168831168831
