	False_0	False_1	False_2	False_3	False_4	False_5	False_6	False_7	False_8
0	0.013245033112582781	0.03085824493731919	0.04291044776119403	0.04716981132075471	0.06060606060606061	0.06487341772151899	0.07941653160453808	0.07679180887372013	0.09547325102880659
1	0.01721170395869191	0.038159371492704826	0.05177372962607862	0.0625	0.0835464620630861	0.0877742946708464	0.08383233532934131	0.08395802098950525	0.0907563025210084
2	0.0	0.030905077262693162	0.05785920925747347	0.060998151571164505	0.08311688311688312	0.09256198347107437	0.08940397350993377	0.07547169811320754	0.09167446211412535
3	0.027210884353741492	0.02819548872180451	0.027309236947791166	0.046319272125723746	0.06950477845351868	0.06645056726094004	0.0690172543135784	0.07792207792207792	0.0951585976627713
4	0.03317535545023697	0.03208556149732621	0.03209459459459459	0.0564373897707231	0.0821167883211679	0.07051282051282051	0.0723781388478582	0.07946026986506748	0.09359605911330049
