	False_0	False_1	False_2	False_3	False_4	False_5	False_6	False_7	False_8
0	0.3012211668928087	0.31539424280350437	0.328476821192053	0.33421750663129973	0.32791327913279134	0.35519125683060104	0.3236842105263158	0.34354194407456723	0.3482993197278912
1	0.36869565217391304	0.39663865546218485	0.3809523809523809	0.37156704361873993	0.36422764227642285	0.3953871499176277	0.37723577235772354	0.37735849056603776	0.38952536824877254
2	0.3645320197044335	0.3786407766990291	0.376271186440678	0.3771043771043771	0.38047138047138046	0.37919463087248323	0.37315875613747956	0.3735909822866344	0.38741721854304634
3	0.38762214983713356	0.3987441130298273	0.3922829581993569	0.39016393442622954	0.4046822742474917	0.4013266998341625	0.39477977161500816	0.3961661341853035	0.3980099502487562
4	0.367003367003367	0.40257648953301123	0.379746835443038	0.3779527559055118	0.38801261829653	0.3993710691823899	0.4044585987261147	0.39813374805598756	0.4075235109717869
