	False_0	False_1	False_2	False_3	False_4	False_5	False_6	False_7	False_8	True_0	True_1	True_2	True_3	True_4	True_5	True_6	True_7	True_8
0	0.41897233201581036	0.33704292527821944	0.4377952755905512	0.48055987558320373	0.48934490923441193	0.4890282131661442	0.3794466403162055	0.4444444444444444	0.47761194029850745	0.40948616600790516	0.35832675611681136	0.4430673896204492	0.4553846153846154	0.45865834633385333	0.4503105590062112	0.358974358974359	0.38176197836166925	0.437403400309119
1	0.6002055498458376	0.5950782997762865	0.5275862068965518	0.514919011082694	0.5198618307426598	0.5151515151515151	0.520524017467249	0.52428810720268	0.5294117647058822	0.5690721649484536	0.5698569856985699	0.5154639175257731	0.5155709342560554	0.5151253241140882	0.5123825789923142	0.5155709342560554	0.503803888419273	0.5071609098567817
2	0.5379188712522046	0.5138269402319356	0.5478036175710596	0.5502555366269165	0.55565142364107	0.5572390572390572	0.5396551724137931	0.5487906588824021	0.5430016863406408	0.5189094107299911	0.49644128113879005	0.5421686746987951	0.5294117647058824	0.5311418685121108	0.5341296928327646	0.5189655172413794	0.5265822784810126	0.5236486486486486
3	0.5138539042821159	0.5004329004329005	0.5399495374264088	0.5385266723116003	0.537084398976982	0.5373635600335852	0.5325342465753425	0.5418392709196355	0.5325542570951586	0.4835164835164835	0.4922279792746114	0.5228426395939086	0.5131690739167374	0.51618398637138	0.5198983911939035	0.5162393162393163	0.5213746856663873	0.5265822784810126
4	0.5288640595903167	0.5031000885739592	0.5130361648444071	0.5162907268170426	0.5160744500846024	0.5103562551781274	0.521514629948365	0.5214521452145214	0.5221017514595496	0.49512670565302147	0.4872471416007036	0.5041876046901173	0.503803888419273	0.505982905982906	0.5033670033670034	0.5127334465195247	0.5066666666666667	0.5025041736227045
