	False_0	False_1	False_2	False_3	False_4	False_5	False_6	False_7	False_8
0	0.38998957247132426	0.35306122448979593	0.4121338912133891	0.38311019567456234	0.41320553780617675	0.41991341991341985	0.4150537634408602	0.41870350690754515	0.4238551650692226
1	0.5130208333333333	0.5043478260869566	0.5094102885821833	0.517766497461929	0.5181347150259068	0.5291828793774319	0.5244215938303342	0.5113350125944583	0.5220680958385876
2	0.4409799554565701	0.4454649827784156	0.4748858447488584	0.46224256292906185	0.48955916473317873	0.4888888888888889	0.4935972060535507	0.46720368239355586	0.4716553287981859
3	0.4728132387706856	0.4823529411764706	0.4964370546318289	0.49939393939393945	0.5116851168511686	0.5185185185185186	0.5203452527743527	0.49088699878493325	0.49939393939393945
4	0.49230769230769234	0.5079754601226995	0.4981773997569866	0.5259165613147914	0.529262086513995	0.5314505776636714	0.5219573400250941	0.5157232704402517	0.5180572851805728
