	False_0	False_1	False_2	False_3	False_4	False_5	False_6	False_7	False_8
0	0.5527876631079478	0.5425000000000001	0.5146067415730337	0.520808561236623	0.5095398428731762	0.5084745762711864	0.5075669383003493	0.5124555160142348	0.5140924464487036
1	0.5577812018489985	0.5581395348837209	0.5141318977119785	0.5298913043478262	0.5120405576679341	0.505521472392638	0.5080147965474723	0.5012468827930175	0.5105386416861827
2	0.609053497942387	0.5722070844686648	0.5011494252873563	0.500590318772137	0.5016648168701443	0.5011086474501107	0.4988662131519274	0.5063291139240506	0.4994617868675996
3	0.609625668449198	0.5532994923857867	0.5187713310580205	0.5177304964539007	0.5083612040133779	0.5084364454443195	0.5086705202312137	0.5169902912621359	0.5072302558398221
4	0.5449189985272459	0.5769805680119582	0.516297262059974	0.4979919678714859	0.4892268694550063	0.4866920152091255	0.48079306071871125	0.48461538461538467	0.5024390243902439
