	False_0	False_1	False_2	False_3	False_4	False_5	False_6	False_7	False_8
0	0.5662650602409639	0.564805057955743	0.5883668903803132	0.581081081081081	0.5844748858447488	0.581901489117984	0.5698569856985699	0.5654565456545655	0.5661202185792349
1	0.5388739946380697	0.5472636815920398	0.5328083989501312	0.5315789473684212	0.5340314136125655	0.5347313237221494	0.5360824742268041	0.538659793814433	0.5447570332480819
2	0.5938242280285035	0.5679012345679012	0.568019093078759	0.5601907032181168	0.5649038461538463	0.5556886227544909	0.5697538100820633	0.5681293302540416	0.5657741559953434
3	0.6049661399548533	0.5735449735449737	0.5766174801362088	0.5734104046242775	0.5707602339181286	0.5593419506462984	0.5629290617848971	0.5607264472190693	0.5599999999999999
4	0.5298507462686567	0.5471478463329453	0.5307125307125308	0.5280199252801993	0.5263157894736843	0.5239294710327456	0.5242236024844721	0.5276073619631901	0.5265760197775031
