	False_0	False_1	False_2	False_3	False_4	False_5	False_6	False_7	False_8
0	0.5450500556173526	0.5506555423122765	0.5700598802395208	0.5115303983228511	0.537313432835821	0.5369565217391304	0.5554335894621295	0.5473908413205537	0.5377049180327869
1	0.5935672514619882	0.5863570391872279	0.6140350877192984	0.5489260143198091	0.5523590333716916	0.5498839907192575	0.5547785547785548	0.5383759733036707	0.5391498881431767
2	0.6268260292164675	0.6000000000000001	0.6194225721784776	0.5474137931034482	0.5454545454545455	0.5543710021321963	0.5658747300215984	0.5469728601252609	0.5464135021097046
3	0.6311787072243347	0.5674091441969518	0.6121437422552664	0.531049250535332	0.5397489539748954	0.5433155080213904	0.5507559395248379	0.5407098121085595	0.5404255319148937
4	0.5870786516853933	0.5472496473906912	0.5858585858585859	0.5249406175771971	0.5354691075514874	0.531615925058548	0.5224215246636771	0.5222222222222223	0.5221339387060159
