	False_0	False_1	False_2	False_3	False_4	False_5	False_6	False_7	False_8
0	0.5717192268565615	0.6095661846496107	0.594535519125683	0.5864978902953587	0.5576923076923077	0.5663366336633663	0.5507246376811594	0.5677290836653387	0.5671936758893281
1	0.5487646293888166	0.5682102628285357	0.5808080808080809	0.5756097560975609	0.5091277890466531	0.5014985014985015	0.5004703668861712	0.5	0.5004721435316336
2	0.627497062279671	0.6081871345029239	0.6047058823529412	0.6043010752688173	0.5509433962264151	0.5428571428571429	0.5405887600356823	0.541862652869238	0.5442684063373718
3	0.6281179138321995	0.6117908787541713	0.6133333333333334	0.6021052631578948	0.549165120593692	0.5585412667946258	0.5444933920704845	0.5613701236917221	0.5495750708215297
4	0.5791411042944785	0.5592417061611374	0.5772946859903382	0.5767878077373974	0.5159362549800797	0.5217391304347827	0.5139022051773731	0.515181194906954	0.521224086870681
