	False_0	False_1	False_2	False_3	False_4	False_5	False_6	False_7	False_8
0	0.32481450948062657	0.24813153961136022	0.27999999999999997	0.2828136330674402	0.30254545454545456	0.2991128010139417	0.30446194225721784	0.28667113194909577	0.28703703703703703
1	0.17113665389527458	0.30866141732283464	0.2985529322162986	0.30262172284644195	0.31516936671575846	0.31444759206798867	0.3129445234708393	0.28692579505300353	0.29320113314447593
2	0.14948453608247422	0.28056426332288403	0.2809667673716012	0.28720238095238093	0.3	0.3040112596762843	0.28913963328631875	0.2777777777777778	0.27808988764044945
3	0.2931442080378251	0.2822458270106221	0.3138138138138138	0.3244047619047619	0.33456698741672836	0.35064935064935066	0.34347826086956523	0.3354931605471563	0.3354931605471563
4	0.3150912106135987	0.3364341085271318	0.32164634146341464	0.32533733133433285	0.3417910447761193	0.34517766497461927	0.35051546391752575	0.3282498184458969	0.3292061179898033
