	False_0	False_1	False_2	False_3	False_4	False_5	False_6	False_7	False_8
0	0.004866180048661801	0.14274258219727348	0.15396113602391628	0.17517136329017519	0.1555891238670695	0.18538055764883196	0.17665130568356377	0.18847352024922118	0.2253944402704733
1	0.003194888178913738	0.10840534171249018	0.1543257989088075	0.1644479248238058	0.17425431711145997	0.16932907348242812	0.17049180327868851	0.17744610281923714	0.18466611706512778
2	0.0	0.12404287901990813	0.13427010148321622	0.15085536547433906	0.16030534351145037	0.16304347826086957	0.15705128205128205	0.16303470540758677	0.1663974151857835
3	0.004866180048661801	0.17587548638132297	0.18569254185692544	0.20061255742725878	0.2009273570324575	0.19785276073619631	0.20856031128404667	0.2040816326530612	0.23284502698535078
4	0.004662004662004662	0.14626391096979333	0.19334880123743234	0.19846153846153847	0.20646178092986606	0.20953870211102424	0.21634615384615385	0.21555915721231764	0.2452830188679245
