	False_0	False_1	False_2	False_3	False_4	False_5	False_6	False_7	False_8
0	0	0.18612244897959185	0.20706106870229005	0.21543241843604352	0.2272300469483568	0.2228460375728784	0.22369584438549953	0.21154656552886641	0.20647083865474666
1	0	0.15037593984962405	0.17131203263086336	0.22458471760797344	0.2295695570804741	0.23826350328117113	0.24300081543897795	0.2481789802289282	0.24271079590228528
2	0	0.14221422142214218	0.1700060716454159	0.23181257706535144	0.2358662613981763	0.23575446319393495	0.23529411764705882	0.23235668789808916	0.2279874213836478
3	0	0.2189905902480753	0.23472668810289388	0.23824855119124275	0.2553699284009546	0.25023562676720074	0.24904214559386975	0.23752540076766765	0.239691343139619
4	0	0.21159153633854644	0.23522388059701493	0.23311258278145694	0.25839138695376823	0.2480916030534351	0.2507006369426752	0.2514367816091954	0.24266936299292216
