	False_0	False_1	False_2	False_3	False_4	False_5	False_6	False_7	False_8
0	0.2513167795334838	0.24122807017543862	0.2541757443718228	0.26666666666666666	0.29062276306370793	0.27882352941176475	0.2802937576499388	0.2593984962406015	0.26700572155117613
1	0.1998149861239593	0.2868277474668745	0.2621951219512195	0.2749445676274944	0.29282576866764276	0.28454172366621067	0.2729181245626312	0.24736472241742796	0.25348189415041783
2	0.17367949865711726	0.25672559569561876	0.25075075075075076	0.26119402985074625	0.2819383259911894	0.2774410774410775	0.27019498607242337	0.24346629986244844	0.2517099863201094
3	0.2793553338449731	0.27893175074183973	0.28912071535022354	0.29970760233918126	0.3108206245461147	0.31613756613756616	0.3131720430107527	0.2931152010906612	0.301521438450899
4	0.27519999999999994	0.31546231546231546	0.3053435114503817	0.3023082650781832	0.3207686622320769	0.31145251396648044	0.3084507042253521	0.29234012649332397	0.31139419674451524
