	False_0	False_1	False_2	False_3	False_4
0	0.5454545454545454	0.5433746425166825	0.5472910927456381	0.5522531160115054	0.5589941972920696
1	0.5721784776902887	0.5831202046035806	0.541922290388548	0.6037267080745342	0.628099173553719
2	0.6347724620770129	0.5373737373737375	0.5703275529865126	0.609673790776153	0.5730442978322338
3	0.6236559139784945	0.58128078817734	0.5540275049115913	0.5528612997090203	0.5627376425855514
4	0.5591677503250975	0.5791855203619911	0.542518837459634	0.5830429732868758	0.5575757575757575
