	False_0	False_1	False_2	False_3	False_4
0	0.5660377358490566	0.5239616613418531	0.5148717948717949	0.5556756756756757	0.5649717514124295
1	0.6558823529411765	0.6357039187227865	0.6396648044692738	0.5606407322654462	0.5597189695550351
2	0.6562091503267975	0.6028708133971292	0.6194029850746269	0.5966587112171837	0.567391304347826
3	0.6299019607843137	0.5960874568469506	0.5732899022801303	0.5993031358885018	0.5701657458563536
4	0.6463768115942029	0.590738423028786	0.6153846153846154	0.5854922279792746	0.6226415094339623
