	False_0	False_1	False_2	False_3	False_4
0	0.5385996409335727	0.5021720243266726	0.5236486486486486	0.5119453924914675	0.5194805194805194
1	0.5292740046838408	0.5180840664711632	0.4974306269270298	0.569280343716434	0.532150776053215
2	0.5481798715203426	0.537525354969574	0.47978436657681944	0.5714285714285714	0.5342960288808666
3	0.5779543197616683	0.5640552995391706	0.5208333333333334	0.5248091603053435	0.5031674208144796
4	0.5087108013937282	0.5448717948717948	0.5448785638859557	0.5121951219512195	0.526211671612265
