	False_0	False_1	False_2	False_3	False_4	False_5	False_6	False_7	False_8
0	0.5450500556173526	0.5384615384615384	0.5775535939470365	0.6036745406824147	0.5903771131339403	0.5927770859277709	0.5873417721518988	0.5787545787545788	0.5697115384615384
1	0.5935672514619882	0.6038781163434903	0.6093294460641401	0.6089466089466089	0.6054519368723099	0.6055555555555555	0.5999999999999999	0.5944444444444444	0.5944444444444444
2	0.6268260292164675	0.626984126984127	0.6288798920377867	0.6155878467635403	0.6208718626155878	0.5872235872235871	0.5831265508684863	0.5697115384615384	0.5727923627684964
3	0.6311787072243347	0.6093552465233881	0.6127770534550196	0.6097240473061761	0.6194225721784776	0.5967540574282147	0.6055979643765903	0.5997490589711418	0.5955882352941176
4	0.5870786516853933	0.5869262865090404	0.5706214689265537	0.5638148667601683	0.5686546463245493	0.5602165087956699	0.5653333333333334	0.5619174434087884	0.5695364238410596
