	False_0	False_1	False_2	False_3	False_4	False_5	False_6	False_7	False_8
0	0.1260835303388495	0.12786108918705605	0.13036565977742445	0.1583531274742676	0.15323854660347552	0.16429699842022116	0.14556962025316456	0.15530903328050713	0.14691943127962087
1	0.11055276381909548	0.09624796084828711	0.1059390048154093	0.1420500403551251	0.12980769230769232	0.13322632423756017	0.1340782122905028	0.13043478260869565	0.12708498808578236
2	0.09933142311365807	0.08821170809943865	0.10585404971932638	0.13333333333333333	0.13001605136436598	0.13344051446945338	0.12130885873902633	0.1197126895450918	0.1209228321400159
3	0.1031390134529148	0.12193190815518605	0.12280701754385966	0.16070007955449486	0.14057507987220447	0.14614773629864974	0.126883425852498	0.14331210191082802	0.1330166270783848
4	0.11428571428571427	0.14618473895582332	0.15224358974358976	0.21018593371059013	0.18653690186536903	0.18064516129032257	0.1637239165329053	0.16760676873489122	0.16
