	False_0	False_1	False_2	False_3	False_4	False_5	False_6	False_7	False_8
0	0.0	0.0881542699724518	0.10044843049327355	0.14325581395348835	0.12219227313566937	0.1402497598463016	0.1202854230377166	0.10694183864915574	0.10784313725490198
1	0.006711409395973153	0.08856088560885608	0.09889001009081734	0.12688172043010754	0.1335914811229429	0.13280475718533202	0.11422413793103448	0.09920634920634921	0.10893246187363835
2	0.0	0.09900990099009901	0.09551656920077974	0.13197969543147206	0.13142857142857142	0.13306451612903228	0.0977948226270374	0.09583333333333333	0.09072978303747534
3	0.0	0.10279001468428782	0.10410958904109588	0.13457943925233642	0.13221601489757914	0.13656783468104225	0.11825192802056554	0.09098294069861902	0.09706959706959707
4	0.0	0.10662358642972537	0.10845588235294117	0.13966480446927373	0.14123801220575413	0.1322175732217573	0.12131715771230503	0.1036639857015192	0.11214953271028037
