	False_0	False_1	False_2	False_3	False_4	False_5	False_6	False_7	False_8
0	0.3890641430073607	0.33884297520661155	0.41350210970464135	0.3907074973600845	0.4173913043478261	0.41865509761388287	0.4262295081967213	0.41991341991341985	0.42430703624733473
1	0.5098554533508541	0.48661800486618007	0.4969249692496926	0.5062656641604011	0.5357607282184655	0.5287958115183247	0.519280205655527	0.5185185185185185	0.5209656925031767
2	0.47863247863247865	0.4527872582480091	0.48598130841121495	0.47935779816513757	0.48711943793911006	0.4847775175644028	0.4946996466431095	0.4701834862385321	0.4811858608893956
3	0.5012406947890818	0.5042219541616406	0.5053892215568863	0.5036319612590798	0.5142150803461064	0.5173267326732675	0.5199004975124378	0.5061728395061729	0.515970515970516
4	0.5167095115681234	0.5108433734939759	0.5012106537530265	0.529338327091136	0.5363984674329503	0.5301507537688442	0.5318352059925093	0.515228426395939	0.5209876543209877
