	False_0	False_1	False_2	False_3	False_4	False_5	False_6	False_7	False_8
0	0.40895061728395066	0.3707165109034268	0.5355521936459909	0.4271548436308162	0.5034642032332565	0.5080336648814079	0.5015290519877675	0.46681922196796344	0.5
1	0.5896269335759782	0.5983606557377049	0.5700636942675159	0.560067681895093	0.556390977443609	0.546655656482246	0.530944625407166	0.5306799336650083	0.5262295081967213
2	0.5351014040561622	0.535042735042735	0.5830670926517573	0.5460580912863071	0.5623960066555741	0.5550082101806239	0.5574855252274606	0.5507487520798668	0.5442514474772538
3	0.5079605761940864	0.5337781484570475	0.5621970920840065	0.5447154471544715	0.5535420098846788	0.5445544554455446	0.5448559670781893	0.5457570715474209	0.5445462114904247
4	0.5105008077544426	0.5275267050123255	0.5548489666136724	0.5331179321486268	0.5482815057283142	0.5424567188788129	0.5359160613397901	0.537142857142857	0.5393442622950819
