	False_0	False_1	False_2	False_3	False_4	False_5	False_6	False_7	False_8
0	0.41448382126348227	0.31230283911671924	0.44356748224151543	0.48093385214007783	0.49089469517022966	0.4831899921813917	0.3639215686274509	0.4575875486381323	0.48631743549648165
1	0.5821596244131455	0.580375782881002	0.5243697478991597	0.5216680294358136	0.5223140495867769	0.5228548516439454	0.53537936913896	0.5190476190476191	0.5192307692307692
2	0.5164923572003218	0.5201026518391788	0.5418060200668896	0.5412541254125411	0.542713567839196	0.5563665855636658	0.5329991645781118	0.5400641025641025	0.5445705024311183
3	0.4949258391881343	0.5243381725021349	0.5378289473684211	0.533112582781457	0.5387823185988323	0.5323505323505324	0.5309882747068676	0.5397867104183757	0.5395273023634882
4	0.49258649093904444	0.49498327759197336	0.5183973834832379	0.5170731707317073	0.517901748542881	0.51586655817738	0.5239294710327455	0.5180433039294307	0.511779041429732
