	False_0	False_1	False_2	False_3	False_4	False_5	False_6	False_7	False_8
0	0.03278688524590164	0.203288490284006	0.21995286724273366	0.24190350297422336	0.24969696969696967	0.2581946545637922	0.23481308411214952	0.26325193567599764	0.27098078867542974
1	0.043478260869565216	0.17152373022481265	0.18703855619360132	0.23050379572118704	0.23047375160051214	0.25	0.2304964539007092	0.2553459119496856	0.26549780839073256
2	0.05707762557077625	0.14192495921696574	0.15737704918032788	0.21220527045769763	0.21966101694915252	0.24578575312669929	0.21969696969696967	0.2576847612818836	0.2558139534883721
3	0.054570259208731244	0.1970289288506646	0.21018062397372744	0.23049894588896694	0.26920462270564244	0.26653102746693796	0.24825362708221382	0.2912513842746401	0.2832432432432433
4	0.0254957507082153	0.17376775271512115	0.2031640299750208	0.23198352779684284	0.25698988697204045	0.25575698187163154	0.25712804561949193	0.2915109450080085	0.27696793002915454
