	False_0	False_1	False_2	False_3	False_4	False_5	False_6	False_7	False_8
0	0.00936768149882904	0.06973058637083994	0.10046728971962617	0.10177514792899409	0.09201623815967525	0.08104886769964242	0.061619718309859156	0.0670391061452514	0.07940904893813482
1	0.01683029453015428	0.07485029940119761	0.1033210332103321	0.12031782065834279	0.11357340720221605	0.11435523114355231	0.0815956482320943	0.0769990128331688	0.07063572149344097
2	0.00644122383252818	0.04487179487179487	0.0855614973262032	0.09547123623011017	0.08819345661450924	0.08831168831168831	0.07757805108798485	0.07446808510638298	0.06743940990516333
3	0.007272727272727274	0.054249547920433995	0.07774798927613942	0.10513447432762836	0.09957325746799431	0.09113924050632911	0.06863679694947569	0.06097560975609756	0.06719367588932806
4	0.012965964343598054	0.06382978723404256	0.0951086956521739	0.1179422835633626	0.11413043478260869	0.12098765432098765	0.08494921514312095	0.0737937559129612	0.08092485549132948
