	False_0	False_1	False_2	False_3	False_4	False_5	False_6	False_7	False_8
0	0.01954397394136808	0.1327659574468085	0.13104013104013104	0.1868131868131868	0.18288590604026847	0.21585160202360876	0.19698314108252	0.20393559928443647	0.20609318996415768
1	0.013949433304272013	0.125	0.1270358306188925	0.20233463035019456	0.20193861066235863	0.21283509341998377	0.23122362869198312	0.23960066555740434	0.23781009409751921
2	0.01060070671378092	0.10044843049327355	0.1293451899757478	0.19519752130131682	0.17898193760262726	0.21661237785016285	0.21132713440405745	0.2330259849119866	0.21477663230240548
3	0.020387359836901122	0.125	0.1409127301841473	0.20775193798449615	0.20885547201336674	0.23789991796554555	0.23345588235294118	0.23758865248226954	0.2198001816530427
4	0.02	0.11775362318840579	0.13747954173486088	0.21389539422326306	0.21140939597315433	0.2493765586034913	0.24539877300613497	0.2434782608695652	0.243006993006993
