	False_0	False_1	False_2	False_3	False_4	False_5	False_6	False_7	False_8
0	0.020134228187919465	0.2037797863599014	0.225705329153605	0.21359223300970873	0.22805578342904018	0.24168694241686942	0.24201680672268908	0.2363162467419635	0.23539668700959024
1	0.0140597539543058	0.21026490066225165	0.23102310231023104	0.23221586263287	0.22953451043338682	0.2501966955153423	0.2501979414093428	0.2307067424857839	0.23274478330658108
2	0.01075268817204301	0.19430485762144056	0.22459016393442624	0.2209398186314922	0.2307067424857839	0.24135156878519712	0.22921711057304275	0.23232323232323232	0.21981681931723562
3	0.016666666666666666	0.21142369991474852	0.24163265306122447	0.23195458231954585	0.2353909465020576	0.2557003257328991	0.27428571428571424	0.27787307032590053	0.24462809917355371
4	0.012182741116751269	0.19437340153452684	0.2608695652173913	0.24386252045826515	0.2551440329218107	0.2657004830917874	0.28338762214983715	0.2780569514237856	0.2524752475247524
