	False_0	False_1	False_2	False_3	False_4	False_5	False_6	False_7	False_8
0	0.02760736196319018	0.16666666666666666	0.19094650205761315	0.20411522633744855	0.20408163265306123	0.19559471365638764	0.19570815450643775	0.19327006039689387	0.2040457343887423
1	0.0320855614973262	0.1188118811881188	0.18089602704987323	0.2144638403990025	0.21469859620148637	0.20508474576271182	0.19420783645655876	0.18949181739879414	0.18493150684931509
2	0.022675736961451247	0.11953612845673506	0.1893877551020408	0.20542317173377153	0.2184466019417476	0.21123218776194466	0.2115869017632242	0.19365895458440444	0.20016680567139283
3	0.03443708609271523	0.1588702559576346	0.2156862745098039	0.2288065843621399	0.2268041237113402	0.20071684587813618	0.2181818181818182	0.21196581196581196	0.21882951653944022
4	0.03225806451612903	0.15217391304347827	0.18907198612315698	0.20777027027027029	0.2088006902502157	0.20476610767872905	NA	NA	NA
