	False_0	False_1	False_2	False_3	False_4	False_5	False_6	False_7	False_8
0	0.006230529595015577	0.12479740680713129	0.12279355333844974	0.1234375	0.10668789808917198	0.11191047162270185	0.09582689335394126	0.0916530278232406	0.07424960505529225
1	0.06614785992217899	0.13333333333333333	0.14363778298204527	0.12954186413902052	0.12903225806451613	0.129764801297648	0.11664074650077763	0.1256788207913111	0.10451306413301663
2	0.009216589861751152	0.12293144208037823	0.1256788207913111	0.12607003891050586	0.11525423728813557	0.12295081967213115	0.1092896174863388	0.11093750000000001	0.09171075837742504
3	0.05420054200542005	0.1205392545598731	0.13280632411067192	0.13438735177865613	0.11914893617021277	0.1206030150753769	0.11673151750972763	0.11980830670926516	0.07603305785123966
4	0.07427055702917773	0.12955465587044535	0.14626391096979333	0.1419457735247209	0.13837489943684636	0.13945857260049221	0.12588512981904013	0.1316211878009631	0.10853950518754989
