	False_0	False_1	False_2	False_3	False_4	False_5	False_6	False_7	False_8
0	0.02287581699346405	0.15738284703801947	0.18086956521739128	0.21011058451816744	0.18418766290182448	0.16304347826086957	0.20885547201336674	0.2005054759898905	0.21445591739475772
1	0.032679738562091505	0.1137055837563452	0.15894039735099336	0.2534775888717156	0.22018348623853215	0.19145299145299144	0.24980483996877437	0.2295623451692816	0.2467741935483871
2	0.03751465416178195	0.11383709519136409	0.14381591562799614	0.24345146379044683	0.19661016949152543	0.17504332755632582	0.22402597402597405	0.19604471195184867	0.21095666394112836
3	0.04576043068640646	0.1318681318681319	0.18891916439600362	0.25401929260450157	0.22299049265341403	0.22183098591549297	0.24624624624624625	0.23934426229508196	0.23690572119258663
4	0.05235602094240838	0.13333333333333333	0.1824953445065177	0.2730989370400654	0.21942446043165467	0.21288014311270123	0.2453889334402566	0.2570480928689884	0.24561403508771928
