	False_0	False_1	False_2	False_3	False_4	False_5	False_6	False_7	False_8
0	0.24900662251655625	0.30656219392752204	0.3138146674246731	0.31467181467181465	0.31029619181946405	0.2954971857410882	0.29285014691478944	0.3165608207132389	0.32055749128919864
1	0.1611154144074361	0.3150525087514586	0.32542819499341236	0.31085604973696795	0.3027480204937122	0.29302325581395344	0.28418491484184916	0.30966469428007887	0.3211903540277065
2	0.16262482168330955	0.29132947976878615	0.30709173715029275	0.2931785195936139	0.28638497652582157	0.28338614757808966	0.27109004739336495	0.3091175036567528	0.30284552845528456
3	0.26244952893674295	0.3197831978319783	0.3461773700305811	0.35569755058572955	0.34530095036958824	0.3336643495531281	0.3277661795407098	0.351636747624076	0.3453159041394335
4	0.25035360678925034	0.3176936122102883	0.3398119122257054	0.3480152256661229	0.34699308142629054	0.32854209445585214	0.3228890069038768	0.3432916892992939	0.3480176211453745
