	False_0	False_1	False_2	False_3	False_4	False_5	False_6	False_7	False_8
0	0.2593346911065852	0.20488721804511278	0.25323910482921086	0.24479804161566704	0.24212736179146252	0.26629680998613037	0.2832310838445808	0.2580645161290323	0.2733812949640288
1	0.22655663915978994	0.23522316043425812	0.2870249017038008	0.2995538559592097	0.21514508138711957	0.26148409893992935	0.26324786324786326	0.26807387862796833	0.2764932562620424
2	0.21316165951359087	0.20883977900552486	0.2810880829015544	0.29009584664536747	0.24400564174894218	0.2614195361911455	0.26905829596412556	0.26478019201616976	0.27293683725219
3	0.2839248434237996	0.2638961038961039	0.3229100191448628	0.3215434083601286	0.2745644599303136	0.2954703832752613	0.3220140515222482	0.286152273888605	0.3005230622919639
4	0.2945848375451263	0.25308641975308643	0.3256130790190736	0.324	0.26378227494766227	0.300561797752809	0.32778804682686385	0.3050279329608938	0.30054917623564653
