	False_0	False_1	False_2	False_3	False_4	False_5	False_6	False_7	False_8
0	0.2491490810074881	0.2764838467317806	0.2999234889058914	0.3183856502242153	0.3243647234678625	0.3144368858654573	0.30998509687034276	0.3113417346182357	0.30734966592427615
1	0.2076069730586371	0.27586206896551724	0.3054032889584965	0.3050847457627119	0.2927962819519752	0.2850574712643678	0.2880970432145565	0.2850609756097561	0.2980988593155893
2	0.17265087853323147	0.25093914350112695	0.30191570881226054	0.2861562258313999	0.2968142968142968	0.29320987654320985	0.28113063407181055	0.29166666666666663	0.2978395061728395
3	0.2735781137508999	0.30341880341880345	0.3313521545319465	0.3310861423220973	0.3285171102661597	0.3204252088078967	0.31784107946026985	0.31736526946107785	0.3220466516177577
4	0.29010989010989013	0.2952243125904486	0.31875463306152707	0.32006010518407213	0.3257575757575758	0.3164269492808478	0.3082706766917293	0.31231231231231227	0.31419939577039274
