	False_0	False_1	False_2	False_3	False_4	False_5	False_6	False_7	False_8
0	0.2513167795334838	0.15396341463414634	0.16329588014981275	0.2235294117647059	0.21558872305140964	0.2528735632183908	0.23442319555829738	0.21638018200202222	0.21294810058855002
1	0.1998149861239593	0.1264456437933693	0.1255539143279173	0.1799410029498525	0.15789473684210528	0.20376378974691758	0.1935483870967742	0.18714768883878244	0.18867924528301888
2	0.17367949865711726	0.09876543209876543	0.1047197640117994	0.1691394658753709	0.154126213592233	0.20087884494664154	0.1919060052219321	0.17653508771929827	0.1925754060324826
3	0.2793553338449731	0.1818181818181818	0.19287833827893175	0.24538063562453805	0.24542124542124544	0.2783835792174471	0.25627817128139085	0.22782152230971128	0.22783389450056118
4	0.27519999999999994	0.1731800766283525	0.18632607062359127	0.23266219239373606	0.20933165195460277	0.2552083333333333	0.2379032258064516	0.2193408968125338	0.2112676056338028
