	False_0	False_1	False_2	False_3	False_4	False_5	False_6	False_7	False_8
0	0.22960725075528698	0.22520507084265473	0.2676579925650558	0.24519940915805025	0.26195732155997054	0.2769679300291545	0.25768667642752563	0.26744186046511625	0.25813449023861174
1	0.1900282220131703	0.2393026941362916	0.28680981595092025	0.2747747747747748	0.2701107011070111	0.27870036101083034	0.2745664739884393	0.27462257368799425	0.25025746652935116
2	0.16512059369202228	0.22766798418972328	0.2892307692307693	0.25617977528089886	0.26401179941002945	0.2700361010830325	0.27081824764663287	0.2744252873563219	0.2400793650793651
3	0.2639751552795031	0.29574309185959674	0.3172720533728688	0.2941176470588235	0.3013899049012436	0.3115942028985507	0.29710144927536236	0.30324909747292417	0.2713462545835516
4	0.2646103896103896	0.2923433874709977	0.3037593984962406	0.28614008941877794	0.2922173274596182	0.3101449275362319	0.2925764192139738	0.3	0.2807799442896936
