	False_0	False_1	False_2	False_3	False_4	True_0	True_1	True_2	True_3	True_4
0	0.03264094955489614	0.2081850533807829	0.1358574610244989	0.1816425120772947	0.12709832134292565	0.02912621359223301	0.1471774193548387	0.21845574387947267	0.16344086021505377	0.13131313131313133
1	0.011412268188302424	0.19646365422396853	0.1581920903954802	0.04096385542168675	0.21644120707596254	0.019746121297602257	0.12323232323232321	0.029239766081871343	0.18181818181818182	0.17484008528784648
2	0.003179650238473768	0.034759358288770054	0.04909560723514212	0.17680826636050517	0.10869565217391304	0.008849557522123892	0.13144590495449948	0.026986506746626688	0.11441647597254005	0.11894273127753302
3	0.06349206349206349	0.22009569377990434	0.06688963210702341	0.18097447795823668	0.25411334552102377	0.053208137715179966	0.16732283464566927	0.10635155096011817	0.14722536806342015	0.23302752293577983
4	0.0653061224489796	0.20222634508348794	0.07387862796833773	0.20469083155650317	0.25984251968503935	0.06470588235294118	0.05019815059445179	0.18338727076591155	0.1536643026004728	0.1532258064516129
