	False_0	False_1	False_2	False_3	False_4	True_0	True_1	True_2	True_3	True_4
0	0.033444816053511704	0.32426550598476606	0.03880597014925373	0.1791044776119403	0.10311750599520383	0.011363636363636364	0.25028184892897404	0.07739938080495355	0.07854137447405331	0.3957845433255269
1	0.020512820512820513	0.047979797979797977	0.36224489795918363	0.08066759388038942	0.12942612942612944	0.01675041876046901	0.01680672268907563	0.10413476263399693	0.04580152671755725	0.2448979591836735
2	0.003629764065335753	0.18274111675126903	0.13801452784503632	0.09323308270676693	0.11583011583011583	0.003395585738539898	0.1484375	0.037500000000000006	0.11813186813186813	0.13043478260869565
3	0.041204437400950866	0.21355236139630387	0.3490445859872611	0.15331807780320367	0.23406279733587057	0.039215686274509796	0.24046242774566473	0.10149253731343283	0.07754010695187165	0.24553039332538737
4	0.05471124620060791	0.11097708082026538	0.055284552845528454	0.23705408515535098	0.14833127317676142	0.06260296540362438	0.16783216783216784	0.048154093097913325	0.12569832402234637	0.09174311926605505
