	False_0	False_1	False_2	False_3	False_4	False_5	False_6	False_7	False_8
0	0.5326797385620915	0.46195652173913043	0.48206599713055953	0.4985250737463127	0.49565217391304345	0.48725212464589235	0.43902439024390244	0.4619492656875835	0.45949535192563085
1	0.5486381322957199	0.552212389380531	0.5652173913043478	0.5845588235294118	0.5765765765765766	0.58195211786372	0.5821428571428572	0.5781818181818182	0.5805309734513274
2	0.5641952983725135	0.5339652448657187	0.5690235690235691	0.5837651122625215	0.5728813559322034	0.593103448275862	0.5492730210016155	0.5714285714285714	0.5771144278606966
3	0.5697896749521989	0.5430016863406407	0.5578947368421053	0.5693693693693694	0.5765765765765766	0.5796064400715563	0.5641891891891893	0.5684575389948008	0.5784832451499118
4	0.5311871227364185	0.5480943738656987	0.5467889908256881	0.571969696969697	0.5814814814814815	0.5924528301886792	0.5754884547069272	0.593128390596745	0.5867620751341682
