	False_0	False_1	False_2	False_3	False_4	False_5	False_6	False_7	False_8	True_0	True_1	True_2	True_3	True_4	True_5	True_6	True_7	True_8
0	0.008368200836820085	0.15848406546080965	0.06405693950177938	0.13928182807399345	0.20397579948141747	0.20262008733624454	0.21994884910485935	0.21922160444797462	0.20994475138121546	0.013986013986013986	0.12903225806451613	0.12115732368896927	0.15586690017513136	0.17075232459847844	0.18387096774193548	0.18302828618968386	0.18506493506493507	0.1833195706028076
1	0.0062827225130890054	0.13776337115072934	0.07081807081807083	0.08806818181818182	0.1442786069651741	0.2290748898678414	0.2402651201325601	0.24112303881090003	0.23961661341853038	0.014767932489451479	0.13600697471665213	0.11875	0.18363273453093812	0.17107942973523424	0.19630872483221476	0.205685618729097	0.20957095709570958	0.21469859620148637
2	0.0024390243902439024	0.1474878444084279	0.07560975609756096	0.09562841530054646	0.12623762376237624	0.225085910652921	0.2091286307053942	0.21815154038301415	0.22815533980582525	0.009174311926605503	0.13977566867989646	0.12219959266802442	0.16338582677165353	0.1674975074775673	0.18936877076411956	0.18257261410788383	0.18739635157545606	0.2057335581787521
3	0.009375	0.19240097008892482	0.1291005291005291	0.20038535645472064	0.2444641275465013	0.25822368421052627	0.2692619626926196	0.27435064935064934	0.24281150159744413	0.028409090909090908	0.15586690017513133	0.14285714285714285	0.19343065693430656	0.20432900432900433	0.23070539419087138	0.21797004991680535	0.23140495867768596	0.22093981863149217
4	0.024193548387096777	0.1901639344262295	0.1319910514541387	0.18731117824773413	0.2315592903828198	0.24123182207014543	0.26384364820846906	0.25878594249201275	0.2468354430379747	0.03045685279187817	0.15831134564643798	0.15105162523900573	0.182648401826484	0.20855614973262035	0.22129086336965634	0.215	0.22386831275720168	0.2152317880794702
