	False_0	False_1	False_2	False_3	False_4	False_5	False_6	False_7	False_8
0	0.02760736196319018	0.10909090909090909	0.10093457943925234	0.1134113411341134	0.12376681614349777	0.1223021582733813	0.198019801980198	0.1839438815276695	0.16653816499614496
1	0.0320855614973262	0.064453125	0.05241935483870967	0.08325449385052033	0.09550561797752809	0.09488372093023255	0.15023474178403756	0.17680454176804544	0.14178482068390327
2	0.022675736961451247	0.0728667305848514	0.0688298918387414	0.10091743119266054	0.10746812386156647	0.10756608933454877	0.15550423402617397	0.1639871382636656	0.14427860696517414
3	0.03443708609271523	0.11363636363636363	0.10984848484848483	0.1607773851590106	0.1611459265890779	0.1706244503078276	0.18668706962509563	0.19808306709265175	0.19733750978856696
4	0.03225806451612903	0.08365758754863814	0.07240704500978473	0.10976744186046511	0.11048689138576778	0.13186813186813184	0.1676829268292683	0.17691659646166807	0.1711934156378601
