	False_0	False_1	False_2	False_3	False_4	False_5	False_6	False_7	False_8
0	0.00936768149882904	0.0706401766004415	0.08646616541353384	0.08261287223823248	0.09615384615384616	0.09729729729729729	0.09388839681133747	0.09409751924721985	0.09991532599491955
1	0.01683029453015428	0.06285072951739619	0.07789678675754624	0.08587786259541985	0.09671848013816928	0.0968020743301642	0.0988917306052856	0.09638554216867472	0.09644670050761422
2	0.00644122383252818	0.06768558951965065	0.07744433688286544	0.07977207977207977	0.09306409130816505	0.09465381244522347	0.09342560553633217	0.0893169877408056	0.0882103477523325
3	0.007272727272727274	0.06881243063263041	0.07317073170731707	0.07905138339920947	0.09208103130755065	0.09990205680705193	0.08872458410351201	0.0842911877394636	0.09532215357458076
4	0.012965964343598054	0.06682027649769585	0.07773109243697479	0.08291203235591506	0.10217596972563862	0.10087293889427741	0.09915809167446213	0.09365853658536587	0.10526315789473685
