	False_0	False_1	False_2	False_3	False_4	False_5	False_6	False_7	False_8
0	0.006230529595015577	0.003802281368821293	0.012422360248447204	0.06255012028869286	0.06339144215530904	0.0515625	0.11033411033411034	0.09433962264150944	0.13097072419106318
1	0.06614785992217899	0.0035778175313059034	0.02392344497607656	0.13624454148471615	0.10912190963341858	0.08768971332209106	0.10441767068273092	0.14756671899529045	0.1492063492063492
2	0.009216589861751152	0.0020345879959308235	0.021207177814029362	0.10126582278481014	0.08489795918367347	0.0680161943319838	0.10443037974683546	0.1372854914196568	0.148479427549195
3	0.05420054200542005	0.0043907793633369925	0.03236245954692557	0.0935374149659864	0.08986928104575163	0.07935222672064779	0.10153102336825139	0.10404624277456646	0.13578274760383385
4	0.07427055702917773	0.012565445026178011	0.07183673469387755	0.16419213973799127	0.1486374896779521	0.125	0.15776892430278885	0.16822429906542055	0.1793103448275862
