	False_0	False_1	False_2	False_3	False_4	False_5	False_6	False_7	False_8
0	0.01954397394136808	0.1436265709156194	0.19306930693069307	0.22475570032573292	0.22512234910277326	0.22355975924333618	0.2523285351397121	0.21549421193232413	0.22161671207992734
1	0.013949433304272013	0.12110091743119268	0.21087314662273474	0.225624496373892	0.22501966955153418	0.20883534136546186	0.2158273381294964	0.19585062240663897	0.22241086587436337
2	0.01060070671378092	0.10526315789473685	0.2016528925619835	0.21538461538461537	0.20700636942675157	0.1971153846153846	0.2004889975550122	0.17296389588581026	0.20822397200349957
3	0.020387359836901122	0.12991765782250686	0.2377049180327869	0.24453441295546557	0.24198717948717952	0.23907666941467437	0.2520593080724876	0.2495784148397976	0.25215889464594127
4	0.02	0.12282309807516038	0.24175824175824176	0.24543946932006636	0.24473257698541329	0.24020016680567138	0.24126455906821967	0.2476832350463353	0.2599653379549393
