	False_0	False_1	False_2	False_3	False_4	False_5	False_6	False_7	False_8
0	0.4	0.35968722849695917	0.36188811188811193	0.33419465977605517	0.3484978540772532	0.35559410234171723	0.3860262008733624	0.3938091143594153	0.4114583333333333
1	0.5686695278969957	0.5734597156398105	0.555431131019037	0.549618320610687	0.5636561479869422	0.5704697986577182	0.5752808988764045	0.47829937998228517	0.4844720496894409
2	0.49422222222222223	0.48490566037735855	0.4821264894592117	0.4906333630686887	0.4982142857142858	0.49283154121863804	0.49283154121863804	0.494718309859155	0.5035460992907802
3	0.48299319727891155	0.48161764705882354	0.48820326678765885	0.4817127564674397	0.4951024042742653	0.5022421524663677	0.5027322404371585	0.5009009009009009	0.5013428827215757
4	0.4926739926739927	0.48592870544090055	0.4902867715078631	0.486586493987049	0.5051449953227315	0.5093046033300686	0.5102639296187682	0.4835555555555555	0.4884547069271759
