	False_0	False_1	False_2	False_3	False_4	False_5	False_6	False_7	False_8
0	0.4086642599277978	0.39277978339350184	0.45374449339207057	0.44527177959791514	0.4239290989660266	0.3976861894432393	0.39120879120879115	0.4349710982658959	0.4254703328509407
1	0.5157894736842105	0.5240253853127833	0.5284339457567804	0.5327354260089687	0.522887323943662	0.47720364741641336	0.5379426644182125	0.5384615384615384	0.5189363416599515
2	0.47460197119029573	0.4845679012345679	0.4817073170731707	0.494488188976378	0.48379804069329313	0.4825538233110616	0.5075528700906345	0.515890613451589	0.49630723781388486
3	0.4471428571428572	0.4739622641509434	0.4904507257448434	0.4843391902215432	0.4774980930587338	0.48406676783004554	0.504266873545384	0.5079847908745247	0.5022761760242792
4	0.4558938329430133	0.4592240696753761	0.488562091503268	0.4810941271118262	0.48559670781893	0.4667176740627391	0.5122749590834696	0.5052461662631154	0.5164394546912591
