	False_0	False_1	False_2	False_3	False_4	False_5	False_6	False_7	False_8
0	0.41448382126348227	0.2961832061068702	0.4812150279776179	0.457774269928966	0.4336973478939158	0.4847537138389366	0.4791830322073841	0.46467817896389324	0.4569169960474308
1	0.5821596244131455	0.49445865302642794	0.5161839863713799	0.5201026518391788	0.5166112956810631	0.5138211382113821	0.5131578947368421	0.5221017514595496	0.5185810810810811
2	0.5164923572003218	0.5012448132780083	0.5368682684341343	0.5246449456975774	0.5282714054927301	0.5240384615384615	0.5304136253041363	0.521951219512195	0.5300411522633744
3	0.4949258391881343	0.5062034739454094	0.5342237061769616	0.5237698081734778	0.5233033524121014	0.5306122448979592	0.5279605263157895	0.5292662819455894	0.5341098169717138
4	0.49258649093904444	0.4857621440536013	0.5087866108786611	0.5068027210884354	0.5062034739454094	0.5115894039735099	0.4987572493786247	0.5117845117845118	0.5100671140939597
