	False_0	False_1	False_2	False_3	False_4	False_5	False_6	False_7	False_8
0	0.2967914438502674	0.29923273657289	0.32196452933151437	0.31635388739946385	0.3090909090909091	0.308300395256917	0.324468085106383	0.32	0.31331592689295035
1	0.36896551724137927	0.4752475247524752	0.4269293924466338	0.4620355411954766	0.45624999999999993	0.4533762057877814	0.44657097288676234	0.4262820512820513	0.4363636363636364
2	0.363013698630137	0.4146730462519936	0.4053156146179402	0.44264943457189015	0.440251572327044	0.4412238325281803	0.4383116883116883	0.43478260869565216	0.4215384615384616
3	0.3754152823920266	0.43276661514683146	0.4198717948717949	0.45234248788368336	0.4405705229793978	0.4483306836248013	0.4419713831478538	0.4416	0.42769230769230765
4	0.3602693602693603	0.4444444444444444	0.41919999999999996	0.4391025641025641	0.42349304482225664	0.42480620155038756	0.42566510172143973	0.41444270015698587	0.4279210925644916
