	False_0	False_1	False_2	False_3	False_4	False_5	False_6	False_7	False_8
0	0.40895061728395066	0.3677269200930955	0.4238205723124516	0.41538461538461535	0.48249027237354086	0.4640371229698375	0.41411042944785276	0.5026495079485238	0.4375
1	0.5896269335759782	0.5939393939393939	0.5862412761714856	0.5061830173124485	0.5228975853455454	0.5218800648298217	0.510088781275222	0.5166666666666668	0.5047770700636942
2	0.5351014040561622	0.5291631445477599	0.5234899328859061	0.5347506132461161	0.5414273995077933	0.5492730210016155	0.5327935222672064	0.5480093676814989	0.5335463258785943
3	0.5079605761940864	0.5387149917627677	0.5379426644182125	0.5263157894736843	0.5462114904246461	0.5460526315789472	0.5401459854014597	0.5493975903614456	0.5366639806607575
4	0.5105008077544426	0.5152027027027027	0.540734109221128	0.5355648535564854	0.5350210970464135	0.5356550580431179	0.5327868852459017	0.543151227236738	0.5238480194017785
