	False_0	False_1	False_2	False_3	False_4	False_5	False_6	False_7	False_8	True_0	True_1	True_2	True_3	True_4	True_5	True_6	True_7	True_8
0	0.6052009456264775	0.6105990783410137	0.597752808988764	0.5916398713826366	0.5711442786069653	0.570264765784114	0.549718574108818	0.5743589743589744	0.5786802030456852	0.5993031358885018	0.599585062240664	0.5869120654396728	0.5810276679841897	0.5547309833024119	0.5610687022900762	0.5322723253757737	0.5650916104146577	0.5641509433962265
1	0.4527220630372492	0.5699745547073792	0.5703324808184143	0.5929526123936816	0.5236139630390143	0.525993883792049	0.527643064985451	0.5284872298624755	0.5179437439379243	0.4896265560165975	0.5757196495619524	0.5725094577553594	0.6	0.524390243902439	0.5209397344228804	0.5305343511450381	0.5224171539961013	0.5291308500477554
2	0.5735849056603773	0.61301775147929	0.6076555023923444	0.6130099228224917	0.5553435114503817	0.5452793834296724	0.5490909090909092	0.5397727272727273	0.548689138576779	0.5889724310776943	0.6176470588235295	0.610792192881745	0.6059957173447537	0.5542168674698795	0.5531514581373471	0.552772808586762	0.549491211840888	0.5560619872379216
3	0.6096654275092936	0.6115702479338843	0.617169373549884	0.6008771929824562	0.5569377990430622	0.5643070787637088	0.5476190476190476	0.564453125	0.5642023346303502	0.6097560975609756	0.6079295154185022	0.6102449888641425	0.599786552828175	0.5559701492537313	0.5637583892617449	0.5438282647584973	0.5706161137440758	0.5655813953488372
4	0.48033707865168535	0.5641646489104116	0.5682656826568265	0.5680473372781065	0.5531914893617021	0.5517993456924754	0.5507853403141361	0.5513626834381551	0.5465968586387434	0.49655172413793097	0.5828437132784959	0.5700365408038977	0.5840092699884125	0.5566137566137566	0.5601750547045953	0.5670103092783506	0.564755838641189	0.5649484536082474
