	False_0	False_1	False_2	False_3	False_4	False_5	False_6	False_7	False_8
0	0.4989293361884368	0.5127161749745677	0.5384615384615385	0.5219999999999999	0.5274509803921569	0.5087040618955513	0.5052430886558628	0.5129740518962076	0.4854545454545454
1	0.41102181400688864	0.4982778415614237	0.540478905359179	0.5395033860045146	0.5625692137320044	0.5544554455445544	0.542483660130719	0.5452538631346578	0.5009633911368014
2	0.43823845327604727	0.5075593952483802	0.5401301518438177	0.5249457700650759	0.572020725388601	0.54230377166157	0.5317220543806647	0.5412474849094567	0.4705882352941177
3	0.5285087719298246	0.5215562565720295	0.5499462943071967	0.5370950888192267	0.555093555093555	0.5445134575569358	0.5173824130879346	0.5257623554153523	0.4869402985074627
4	0.3530927835051546	0.41920374707259955	0.48299319727891166	0.4954954954954955	0.5318918918918919	0.5177993527508091	0.5063829787234043	0.4983240223463688	0.4989939637826962
