	False_0	False_1	False_2	False_3	False_4	False_5	False_6	False_7	False_8
0	0	0.1456752655538695	0.20285908781484002	0.23082542001460918	0.21720116618075805	0.24951012410189422	0.24926686217008798	0.23035096391497772	0.23891891891891892
1	0	0.11589113257243194	0.14927646610814926	0.22666666666666666	0.2210526315789474	0.22055513878469618	0.24694533762057885	0.23990355635925262	0.2552048354600403
2	0	0.10300429184549356	0.1523809523809524	0.21518054532056008	0.2097378277153558	0.21893491124260353	0.25345345345345344	0.2338847689674843	0.2369607211848036
3	0	0.18475750577367203	0.22333571939871155	0.2663755458515284	0.2580174927113702	0.2625850340136055	0.25125628140703515	0.26466447677146876	0.26636155606407325
4	0	0.17221770917952886	0.22957461174881835	0.2669616519174041	0.25181950509461426	0.26178747361013366	0.2703296703296703	0.26796326310102647	0.2826086956521739
