	False_0	False_1	False_2	False_3	False_4	False_5	False_6	False_7	False_8
0	0.0	0.12731310140636565	0.20866141732283464	0.156479217603912	0.20614596670934698	0.22222222222222224	0.19457436856875585	0.21685927940176747	0.19510603588907016
1	0.0	0.10444271239282929	0.20373027259684362	0.13368630046326938	0.20028011204481797	0.18635363169479088	0.22389380530973452	0.2408376963350785	0.23690205011389523
2	0.0	0.09523809523809523	0.18143459915611815	0.1301038062283737	0.19121813031161475	0.17941176470588235	0.21859850154252974	0.22496691662990737	0.21936668196420375
3	0.003289473684210526	0.13559322033898305	0.2208672086720867	0.16699539776462852	0.22498274672187715	0.231622746185853	0.2303921568627451	0.26364399664147775	0.234472049689441
4	0.0033003300330033004	0.13312693498452013	0.20055710306406688	0.16828478964401294	0.22537207654145996	0.21745152354570635	0.23862002874940108	0.27029563585171285	0.2345838723587753
