	False_0	False_1	False_2	False_3	False_4	False_5	False_6	False_7	False_8
0	0	0.18556701030927833	0.2603273577552611	0.23420647149460708	0.27586206896551724	0.24035608308605338	0.23826714801444043	0.2511326860841424	0.2574955908289242
1	0	0.16891284815813118	0.2421875	0.2133550488599349	0.25080385852090026	0.25061830173124483	0.23613312202852618	0.2642066420664207	0.2714801444043321
2	0	0.15084294587400177	0.2239382239382239	0.2091713596138375	0.2378716744913928	0.21428571428571425	0.22452229299363055	0.24023154848046313	0.27228070175438596
3	0	0.2129547471162378	0.2539432176656152	0.22705314009661837	0.2723214285714286	0.254886630179828	0.2548076923076923	0.2476050110537951	0.2849426063470628
4	0	0.1971326164874552	0.26080000000000003	0.2425742574257426	0.2837209302325582	0.2645914396887159	0.2711598746081505	0.2725903614457831	0.282453637660485
