	False_0	False_1	False_2	False_3	False_4	False_5	False_6	False_7	False_8
0	0.004866180048661801	0.09878682842287695	0.1	0.1774960380348653	0.19123505976095617	0.14806866952789702	0.19762258543833577	0.21401657874905802	0.19197482297403617
1	0.003194888178913738	0.09136212624584719	0.09137055837563451	0.14996053670086817	0.1519607843137255	0.13793103448275865	0.1515151515151515	0.17665615141955834	0.19086460032626423
2	0.0	0.09271523178807947	0.09565217391304348	0.1392	0.14754098360655735	0.1207464324917673	0.13965980304386752	0.16504854368932037	0.1803411860276198
3	0.004866180048661801	0.14093959731543623	0.13644214162348878	0.19032761310452417	0.18891491022638565	0.16816816816816815	0.20414428242517266	0.217457886676876	0.21341463414634146
4	0.004662004662004662	0.1225531914893617	0.1153184165232358	0.1981279251170047	0.2032	0.18718209562563579	0.2030548068283917	0.2161741835147745	0.20512820512820512
