	False_0	False_1	False_2	False_3	False_4	False_5	False_6	False_7	False_8
0	0.026378896882494007	0.1621187800963082	0.16761594792514237	0.19281045751633985	0.20392156862745098	0.2110236220472441	0.19658813972380182	0.18524590163934426	0.21303656597774243
1	0.015763546798029555	0.14724919093851135	0.17925311203319505	0.2179379715004191	0.2442868400315209	0.2470119521912351	0.22894521668029438	0.2220408163265306	0.2445344129554656
2	0.008342022940563085	0.15024232633279483	0.1742738589211618	0.2119205298013245	0.22712933753943215	0.22916666666666669	0.21087314662273474	0.20512820512820512	0.21339950372208435
3	0.026030368763557483	0.1787709497206704	0.18811881188118812	0.22932022932022936	0.23052464228934816	0.2574416733708769	0.23432343234323436	0.2369281045751634	0.22335025380710657
4	0.040084388185654005	0.16273393002441008	0.20888157894736845	0.23587223587223588	0.2384737678855326	0.26150121065375304	0.24526748971193416	0.24834437086092717	0.24523612261806133
