	False_0	False_1	False_2	False_3	False_4	False_5	False_6	False_7	False_8
0	0.5018181818181818	0.4972875226039783	0.5048543689320388	0.5173674588665448	0.5132905591200733	0.5213442325158947	0.5181818181818182	0.5112511251125113	0.5044722719141325
1	0.547979797979798	0.5585585585585585	0.5837320574162679	0.5819070904645477	0.5745992601726264	0.5785714285714285	0.5687203791469195	0.5717703349282297	0.5850178359096314
2	0.591703056768559	0.5868131868131868	0.5871559633027523	0.6052356020942409	0.5936842105263159	0.5920651068158698	0.5799180327868853	0.5841784989858012	0.5809716599190284
3	0.5922131147540984	0.5682951146560319	0.5728061716489875	0.5662650602409638	0.5652620760534429	0.5797979797979798	0.5659617321248741	0.5640000000000001	0.5643070787637088
4	0.5336658354114713	0.5572609208972845	0.5649838882921591	0.5576707726763718	0.5560538116591929	0.5562913907284769	0.5474372955288986	0.5494505494505495	0.5568797399783315
