	False_0	False_1	False_2	False_3	False_4	False_5	False_6	False_7	False_8
0	0.40895061728395066	0.27469135802469136	0.3587374903772132	0.3844984802431611	0.4269492808478426	0.47247706422018354	0.3361216730038023	0.43831417624521074	0.4924242424242425
1	0.5896269335759782	0.6044071353620147	0.6093117408906883	0.5928777670837344	0.5148833467417538	0.5311740890688259	0.5182119205298013	0.5208333333333334	0.5164394546912591
2	0.5351014040561622	0.5370843989769821	0.547921967769296	0.5359160613397901	0.5513338722716249	0.5602605863192182	0.5462046204620462	0.5488297013720743	0.5385852090032155
3	0.5079605761940864	0.5333333333333333	0.5394190871369294	0.5372645372645373	0.5520661157024794	0.5581395348837209	0.5513784461152883	0.5570247933884297	0.5536445536445537
4	0.5105008077544426	0.5134680134680134	0.5359019264448337	0.5323383084577114	0.5312753858651503	0.5494327390599676	0.5323383084577114	0.5497553017944535	0.546925566343042
