	False_0	False_1	False_2	False_3	False_4	False_5	False_6	False_7	False_8
0	0.4139784946236559	0.35156950672645737	0.40989399293286216	0.42690582959641254	0.41244444444444445	0.40071237756010686	0.4205856255545697	0.4191829484902309	0.39543057996485065
1	0.5427927927927927	0.5364705882352941	0.44753946146703805	0.4687800192122958	0.4697986577181208	0.48717948717948717	0.4629803186504218	0.4615384615384615	0.4687208216619981
2	0.48141263940520446	0.4742468415937804	0.46323529411764713	0.47834274952919026	0.46875	0.47504621072088726	0.46691176470588236	0.4655493482309125	0.464775846294602
3	0.4570416297608504	0.46603773584905656	0.4652455977757182	0.47992351816443596	0.47716682199440824	0.47556390977443613	0.48134328358208955	0.4784240150093808	0.4704797047970479
4	0.47582938388625595	0.46804326450344147	0.4477335800185014	0.4662226450999049	0.4603629417382999	0.4705882352941177	0.4635761589403974	0.4685714285714286	0.464722483537159
