	False_0	False_1	False_2	False_3	False_4	False_5	False_6	False_7	False_8
0	0.4	0.3383525243578388	0.4238646482635798	0.39446366782006914	0.3885017421602788	0.4083405734144222	0.4686411149825784	0.3902012248468942	0.4072790294627383
1	0.5686695278969957	0.5778301886792452	0.588235294117647	0.48826291079812206	0.5014354066985646	0.4935779816513761	0.48947368421052634	0.4921658986175115	0.4931506849315068
2	0.49422222222222223	0.4847908745247148	0.4948259642521166	0.4923903312444047	0.49732620320855614	0.49162995594713654	0.4964912280701754	0.49733570159857904	0.4903339191564147
3	0.48299319727891155	0.49953574744661094	0.5051258154706431	0.4882882882882883	0.49955396966993754	0.49515418502202646	0.5022421524663676	0.5035587188612101	0.4894366197183099
4	0.4926739926739927	0.5169230769230769	0.5358649789029536	0.4766269477543538	0.49674418604651166	0.4928571428571429	0.5017857142857143	0.5	0.49097472924187724
