	False_0	False_1	False_2	False_3	False_4	True_0	True_1	True_2	True_3	True_4
0	0	0.2435643564356436	0.28674481514878264	0.31837425910245554	0.3344425956738769	0.004008016032064128	0.39667458432304037	0.27586206896551724	0.2655935613682093	0.2808349146110057
1	0	0.3313609467455621	0.362085308056872	0.2674933569530558	0.38155515370705245	0	0.2379746835443038	0.24526198439241917	0.1925133689839572	0.34697855750487333
2	NA	NA	NA	NA	NA	0	0.0868421052631579	0.38469284994964753	0.4026095060577819	0.2348094747682801
3	NA	NA	NA	NA	NA	NA	NA	NA	NA	NA
4	NA	NA	NA	NA	NA	NA	NA	NA	NA	NA
