	False_0	False_1	False_2	False_3	False_4	True_0	True_1	True_2	True_3	True_4
0	0.004878048780487805	0.21612046058458814	0.22715627668659266	0.21272727272727274	0.27092320966350303	0.008830022075055186	0.19558359621451105	0.22201492537313436	0.24312333629103816	0.2224299065420561
1	0	0.08071748878923767	0.16745956232159848	0.1473899692937564	0.24156305506216694	0.004618937644341801	0.19114688128772636	0.190127970749543	0.16108786610878661	0.19924812030075187
2	NA	NA	NA	NA	NA	0.004807692307692308	0.1463917525773196	0.12030075187969924	0.22305529522024367	0.2207670720299345
3	NA	NA	NA	NA	NA	NA	NA	NA	NA	NA
4	NA	NA	NA	NA	NA	NA	NA	NA	NA	NA
