	False_0	False_1	False_2	False_3	False_4	False_5	False_6	False_7	False_8
0	0.006269592476489028	0.11857707509881424	0.0870712401055409	0.1431297709923664	0.11717974180734857	0.14338919925512106	0.10638297872340426	0.12013536379018615	0.07345225603357818
1	0.03287671232876713	0.20752269779507132	0.12386706948640484	0.22137404580152675	0.12303290414878397	0.18472063854047896	0.13714285714285715	0.13814432989690723	0.08695652173913042
2	0.012461059190031154	0.1407942238267148	0.07836990595611286	0.13333333333333333	0.10451977401129943	0.15714285714285714	0.11054247697031729	0.0928652321630804	0.03631647211413748
3	0.06024096385542168	0.1305182341650672	0.09316770186335403	0.1652892561983471	0.15431472081218275	0.18783542039355994	0.1373182552504039	0.15051903114186854	0.07700534759358289
4	0.1277777777777778	0.12944162436548226	0.1235632183908046	0.2253218884120172	0.20064724919093851	0.2176360225140713	0.1838893409275834	0.1836228287841191	0.17275747508305647
