	False_0	False_1	False_2	False_3	False_4	False_5	False_6	False_7	False_8
0	0.003284072249589491	0.23517060367454068	0.2165532879818594	0.2359925788497217	0.24331550802139038	0.17476459510357817	0.15927021696252464	0.16959475286952447	0.15962248666393106
1	0.0	0.26086956521739124	0.23156089193825044	0.2461538461538462	0.2797202797202797	0.20967741935483866	0.18466453674121405	0.2153295556218312	0.15347373517308158
2	0.0	0.2348936170212766	0.22379826635145783	0.23058542413381122	0.24890061565523308	0.211485870556062	0.20308310991957107	0.17895038715227987	0.16475749451620764
3	0.003311258278145696	0.2621870882740448	0.26199261992619927	0.24223322827555158	0.24384869629085568	0.21252059308072488	0.22107500759186155	0.209133367929424	0.17095238095238094
4	0.006578947368421052	0.2701492537313433	0.2555391432791728	0.2571428571428572	0.27252150294250793	0.20920876173446581	0.23358627515671393	0.19649747699614128	0.16800858829844337
