	False_0	False_1	False_2	False_3	False_4	False_5	False_6	False_7	False_8
0	0.03269754768392371	0.11237928007023706	0.1221498371335505	0.1245196003074558	0.13033359193173003	0.12723041117145073	0.11510791366906474	0.12568735271013354	0.1147798742138365
1	0.06286836935166994	0.14173228346456693	0.14995483288166217	0.13479623824451412	0.1699761715647339	0.16126350789692437	0.1641285956006768	0.16693944353518825	0.1475541299117883
2	0.04456824512534818	0.12132701421800947	0.140597539543058	0.12693498452012383	0.1378230227094753	0.1377633711507293	0.13039934800326	0.14724919093851133	0.12334113973458234
3	0.06970509383378017	0.1663551401869159	0.16561656165616562	0.16771159874608152	0.18808777429467088	0.17411764705882354	0.16548463356973997	0.17683881064162754	0.14446952595936793
4	0.24839400428265523	0.16815742397137745	0.16828478964401294	0.17054263565891473	0.196594427244582	0.17743190661478597	0.18964143426294822	0.2058130400628437	0.18012422360248448
