	False_0	False_1	False_2	False_3	False_4	False_5	False_6	False_7	False_8
0	0.0	0.19572192513368986	0.20094191522762953	0.22715627668659266	0.23911439114391142	0.1696869851729819	0.19142645971914266	0.20767824497257772	0.19212366580787635
1	0.014201183431952664	0.22134387351778656	0.19823232323232323	0.23065693430656936	0.2550019615535504	0.17514901421366347	0.2000797130330809	0.1778584392014519	0.18007798652959944
2	0.0	0.19396274887604367	0.1910828025477707	0.21646341463414634	0.2456982793117247	0.1889763779527559	0.20178799489144314	0.1761658031088083	0.17080994386527668
3	0.014836795252225518	0.2275784753363229	0.2297872340425532	0.23518850987432677	0.26800296956198966	0.19538017324350337	0.21535960991466885	0.22320117474302498	0.20174741858617953
4	0.02002503128911139	0.23174411587205793	0.23292383292383295	0.24791940429259746	0.2688131785847997	0.18139750115687178	0.19151943462897528	0.2256699576868829	0.21353601158161417
