	False_0	False_1	False_2	False_3	False_4	False_5	False_6	False_7	False_8
0	0.013245033112582781	0.0939476061427281	0.09652836579170194	0.10854092526690391	0.08735213830755231	0.08576051779935276	0.07849056603773584	0.0945945945945946	0.1004566210045662
1	0.01721170395869191	0.08440797186400939	0.10978956999085086	0.1142322097378277	0.10320284697508897	0.07969924812030076	0.07711138310893513	0.07039815349105598	0.08068669527896996
2	0.0	0.07305034550839092	0.11009174311926605	0.09570312500000001	0.09065155807365438	0.07777777777777777	0.08051761322789361	0.08026315789473684	0.0909090909090909
3	0.027210884353741492	0.10887096774193547	0.10643776824034334	0.12282309807516041	0.11170212765957446	0.0941358024691358	0.08798424162836506	0.07707380796864795	0.11418975650713686
4	0.03317535545023697	0.09486166007905139	0.09070958302852962	0.10040485829959514	0.11498257839721253	0.10648148148148148	0.09040247678018576	0.08040201005025124	0.10653753026634383
