	False_0	False_1	False_2	False_3	False_4	False_5	False_6	False_7	False_8
0	0.4989293361884368	0.5036269430051813	0.5108481262327416	0.5285575992255566	0.5324298160696999	0.5422740524781341	0.5334645669291339	0.542110358180058	0.5349065880039332
1	0.41102181400688864	0.5034168564920273	0.49667405764966743	0.5412026726057907	0.5408388520971303	0.5292171995589857	0.5174353205849269	0.5318681318681319	0.5225225225225224
2	0.43823845327604727	0.5148936170212766	0.5240083507306889	0.5635808748728383	0.5684860968074151	0.5532786885245901	0.5626283367556468	0.5519348268839105	0.5552115583075337
3	0.5285087719298246	0.5240641711229945	0.5311542390194075	0.5601617795753286	0.5604060913705584	0.558091286307054	0.5584826132771339	0.5555555555555555	0.5572033898305085
4	0.3530927835051546	0.43113772455089827	0.482598607888631	0.5204545454545455	0.5175141242937854	0.496	0.4982778415614237	0.5119453924914675	0.4867358708189158
