	False_0	False_1	False_2	False_3	False_4	False_5	False_6	False_7	False_8
0	0.24482758620689657	0.2925989672977625	0.2998236331569665	0.29276895943562603	0.28717948717948716	0.3102189781021898	0.27044025157232704	0.29765886287625415	0.28816466552315606
1	0.19002375296912113	0.3358395989974937	0.2977667493796526	0.3007518796992481	0.2798982188295165	0.3139240506329114	0.3191489361702128	0.29350104821802936	0.2906724511930585
2	0.21544715447154472	0.28884026258205686	0.30769230769230776	0.2993197278911564	0.2876712328767123	0.3127962085308057	0.310272536687631	0.28865979381443296	0.29130434782608694
3	0.24096385542168677	0.29055690072639223	0.2850356294536817	0.2955665024630542	0.2926829268292683	0.30730478589420657	0.30493273542600896	0.3023255813953488	0.3033175355450237
4	0.2578796561604585	0.33502538071065996	0.3333333333333333	0.33644859813084116	0.31870669745958435	0.3404255319148936	0.34090909090909094	0.33259423503325947	0.32505643340857787
