	False_0	False_1	False_2	False_3	False_4	False_5	False_6	False_7	False_8	True_0	True_1	True_2	True_3	True_4	True_5	True_6	True_7	True_8
0	0.5955204216073781	0.6044678055190538	0.545045045045045	0.5440528634361232	0.5582468281430218	0.5582468281430218	0.5533869115958668	0.5413870246085011	0.5619266055045872	0.597544338335607	0.5835411471321695	0.5130344108446299	0.5144628099173555	0.5358744394618835	0.5411499436302142	0.5376827896512937	0.5140388768898487	0.5375139977603584
1	0.5417322834645669	0.5988538681948424	0.5492610837438424	0.558490566037736	0.5580808080808081	0.5554171855541719	0.5525000000000001	0.531615925058548	0.5352112676056338	0.5460122699386504	0.6100719424460431	0.5703703703703703	0.5513126491646778	0.5611866501854142	0.564294631710362	0.5586034912718204	0.5319396051103368	0.5409252669039146
2	0.5994318181818181	0.6151797603195739	0.5374449339207048	0.5434543454345434	0.5545454545454546	0.5503355704697986	0.547945205479452	0.5331882480957563	0.5484581497797357	0.6101694915254237	0.6170212765957446	0.5301724137931034	0.5200845665961946	0.5504994450610433	0.5501113585746104	0.5480984340044743	0.5316184351554126	0.5413043478260869
3	0.6265734265734265	0.6105263157894738	0.5496688741721854	0.5339168490153171	0.5493757094211124	0.5468926553672318	0.5506257110352674	0.5376106194690264	0.5405405405405405	0.6401137980085349	0.6023166023166024	0.5321888412017167	0.5195353748680043	0.5497737556561086	0.5574516496018203	0.552901023890785	0.5413043478260869	0.5480984340044743
4	0.5187601957585644	0.5997171145685998	0.5663265306122449	0.557544757033248	0.5654993514915694	0.5613147914032869	0.550761421319797	0.531435349940688	0.5394896719319562	0.4991735537190082	0.5893854748603352	0.5767326732673267	0.5603864734299517	0.5885416666666666	0.5839793281653747	0.5773195876288659	0.5525383707201889	0.5556946182728411
