f_score,recall,accuracy,model,precision,mets,prompt,img,shots,ent_met_person,acc_met_person,ent_met_misceallonous,acc_met_misceallonous,ent_met_organization,acc_met_organization,ent_met_location,acc_met_location,ent_met_none,acc_met_none,f_score0_promptFalse,f_score4_promptFalse,f_score2_promptFalse,f_score3_promptFalse,f_score1_promptFalse
0.015698587127158554,0.008431703204047217,0.4839506172839506,longformer-base-4096-finetuned-squadv2,0.11363636363636363,5-588-583-39,0_prompt,False,0,,,,,,,,,,,0.015698587127158554,,,,
0.012441679626749611,0.006802721088435374,0.4773662551440329,longformer-base-4096-finetuned-squadv2,0.07272727272727272,4-584-576-51,4_prompt,False,0,,,,,,,,,,,,0.012441679626749611,,,
0.012539184952978054,0.006779661016949152,0.48148148148148145,longformer-base-4096-finetuned-squadv2,0.08333333333333333,4-586-581-44,2_prompt,False,0,,,,,,,,,,,,,0.012539184952978054,,
0.011331444759206798,0.006872852233676976,0.42551440329218104,longformer-base-4096-finetuned-squadv2,0.03225806451612903,4-578-513-120,3_prompt,False,0,,,,,,,,,,,,,,0.011331444759206798,
0.009693053311793215,0.005042016806722689,0.49547325102880657,longformer-base-4096-finetuned-squadv2,0.125,3-592-599-21,1_prompt,False,0,,,,,,,,,,,,,,,0.009693053311793215
