	False_0	False_1	False_2	False_3	False_4	False_5	False_6	False_7	False_8
0	0.5057096247960848	0.5346869712351946	0.5448504983388704	0.5169230769230768	0.5014925373134329	0.4851063829787234	0.48787446504992865	0.4687083888149135	0.48641304347826086
1	0.5568181818181818	0.5394990366088631	0.5482041587901701	0.5573770491803279	0.5480943738656987	0.5523465703971119	0.5553539019963702	0.5783132530120482	0.576923076923077
2	0.5719360568383659	0.5850860420650095	0.5630712979890311	0.5673249551166966	0.5783972125435539	0.5763293310463122	0.576388888888889	0.5779220779220778	0.5762144053601339
3	0.5855513307984791	0.5736137667304015	0.5730129390018485	0.5893186003683241	0.5875912408759124	0.5719424460431655	0.5871559633027522	0.5923344947735192	0.5867620751341682
4	0.5623762376237624	0.5217391304347826	0.5486381322957199	0.5906542056074767	0.5893186003683241	0.574585635359116	0.5908256880733944	0.5946902654867255	0.5964285714285715
