	False_0	False_1	False_2	False_3	False_4	False_5	False_6	False_7	False_8
0	0.2398589065255732	0.2846299810246679	0.27165354330708663	0.2666666666666667	0.2756052141527002	0.3046875	0.2459016393442623	0.276707530647986	0.27304964539007087
1	0.22604422604422603	0.3486682808716707	0.32160804020100503	0.3049095607235142	0.30256410256410254	0.3401015228426396	0.32179226069246436	0.2932790224032587	0.3067226890756303
2	0.2521008403361344	0.28824833702882485	0.30626450116009274	0.3142857142857143	0.2973621103117506	0.31219512195121957	0.31512605042016806	0.2857142857142857	0.3107221006564551
3	0.24519230769230768	0.30922693266832924	0.303030303030303	0.2966751918158568	0.28498727735368956	0.31738035264483627	0.3153153153153153	0.31678486997635935	0.31100478468899523
4	0.2787286063569682	0.3486682808716707	0.35266821345707655	0.3401360544217687	0.3355408388520971	0.3470319634703196	0.3474576271186441	0.33472803347280333	0.33474576271186446
