	False_0	False_1	False_2	False_3	False_4	False_5	False_6	False_7	False_8
0	0.5527876631079478	0.6002691790040378	0.598079561042524	0.5788043478260869	0.527042577675489	0.5454545454545453	0.5247058823529411	0.5273159144893111	0.5239234449760767
1	0.5577812018489985	0.5744680851063829	0.5662100456621005	0.5705426356589146	0.4969249692496925	0.496984318455971	0.47494033412887837	0.48233861144945184	0.4876847290640393
2	0.609053497942387	0.5934379457917262	0.5898876404494383	0.5830985915492959	0.5118912797281993	0.4970828471411902	0.5016949152542373	0.49658314350797267	0.5086705202312138
3	0.609625668449198	0.5883977900552486	0.5910364145658263	0.5916666666666668	0.5056689342403627	0.5142857142857142	0.5143513203214696	0.5115207373271891	0.5187793427230047
4	0.5449189985272459	0.5591715976331361	0.5530642750373692	0.5642540620384048	0.49687890137328333	0.4930114358322744	0.5062344139650874	0.5063291139240508	0.5111402359108782
