	False_0	False_1	False_2	False_3	False_4	False_5	False_6	False_7	False_8
0	0.5662650602409639	0.5781584582441114	0.5460060667340748	0.5459999999999999	0.5486542443064181	0.5491803278688525	0.532555879494655	0.54158215010142	0.5473684210526315
1	0.5388739946380697	0.540962288686606	0.5115712545676006	0.4769585253456221	0.47344110854503463	0.4696449026345933	0.47577092511013214	0.4751131221719457	0.4953917050691244
2	0.5938242280285035	0.5687426556991775	0.5432098765432098	0.5188118811881188	0.524390243902439	0.516260162601626	0.5177372962607861	0.5212981744421906	0.5301455301455301
3	0.6049661399548533	0.5761226725082147	0.5325325325325325	0.5168316831683168	0.5132382892057026	0.5096446700507615	0.5056818181818181	0.5060483870967741	0.5198711063372718
4	0.5298507462686567	0.537712895377129	0.4908503767491927	0.47328244274809167	0.48366013071895425	0.4768211920529801	0.46839378238341967	0.47397563676633436	0.4824462061155153
