	False_0	False_1	False_2	False_3	False_4	False_5	False_6	False_7	False_8
0	0.530426884650318	0.4837117472852912	0.504297994269341	0.5185873605947956	0.5511520737327189	0.5399449035812671	0.5313653136531366	0.5343092406221409	0.5300092336103416
1	0.4790011350737798	0.47661469933184863	0.4889380530973451	0.5144124168514412	0.5252747252747253	0.533769063180828	0.5384615384615384	0.5362162162162162	0.5394736842105263
2	0.5279503105590062	0.4821428571428571	0.5066394279877426	0.5321100917431193	0.5430327868852459	0.5479999999999999	0.5566801619433198	0.5532338308457712	0.5507537688442211
3	0.5500982318271119	0.5188866799204772	0.5185185185185185	0.5519922254616132	0.5585054080629303	0.5551257253384912	0.5731225296442688	0.558139534883721	0.5611940298507463
4	0.46899661781285223	0.3995354239256678	0.47661469933184863	0.5142857142857143	0.5190839694656488	0.49889624724061815	0.513781697905182	0.5092091007583964	0.5054945054945056
