	False_0	False_1	False_2	False_3	False_4	False_5	False_6	False_7	False_8
0	0.024390243902439025	0.19316239316239317	0.19635787806809185	0.17095310136157338	0.1857379767827529	0.16241299303944315	0.20247295208655333	0.19123505976095617	0.19737856592135697
1	0.0	0.16129032258064513	0.16149068322981366	0.12824427480916029	0.14308426073131955	0.13707165109034267	0.16782140107775212	0.15728604471858135	0.1777777777777778
2	0.0	0.13513513513513514	0.1564516129032258	0.1261398176291793	0.13847364280094415	0.14340198321891684	0.15709969788519637	0.15926493108728942	0.16949152542372878
3	0.0	0.2150537634408602	0.23299319727891155	0.18825422365245373	0.1977818853974122	0.17821782178217824	0.20445177246496293	0.20578231292517007	0.2305295950155763
4	0.010075566750629721	0.24297370806890298	0.22134387351778653	0.2015037593984962	0.21416526138279932	0.1907051282051282	0.20543806646525678	0.20267085624509035	0.23555555555555552
