	False_0	False_1	False_2	False_3	False_4	False_5	False_6	False_7	False_8
0	0.009615384615384616	0.17010734929810073	0.17333333333333334	0.19696969696969696	0.18334606569900688	0.19433817903596023	0.1976470588235294	0.2236734693877551	0.24731182795698925
1	0.004807692307692308	0.13672496025437203	0.16744186046511628	0.1684867394695788	0.17770849571317224	0.18759936406995228	0.17863105175292154	0.18228279386712096	0.19635099913119028
2	0.0	0.13734567901234568	0.1522921522921523	0.16549570647931303	0.16832440703902068	0.17865612648221343	0.1648177496038035	0.17546709991876525	0.19150707743547044
3	0.004866180048661801	0.19278996865203757	0.1910360029390154	0.20470053070507963	0.2097147262914418	0.22099447513812157	0.22784810126582278	0.2428687856560717	0.2690730106644791
4	0.004830917874396135	0.18359057676685622	0.2015838732901368	0.20731707317073172	0.22986708365910868	0.24476650563607086	0.23190789473684212	0.2495921696574225	0.27071369975389664
