	False_0	False_1	False_2	False_3	False_4	False_5	False_6	False_7	False_8
0	0	0.094151212553495	0.10514541387024608	0.09483667017913594	0.10300429184549356	0.115234375	0.13743589743589746	0.13574660633484165	0.12177502579979363
1	0	0.07042253521126761	0.07167630057803469	0.09333333333333332	0.12351543942992872	0.15106382978723404	0.15172413793103448	0.1472957422324511	0.13989637305699482
2	0	0.06871609403254973	0.08695652173913043	0.08733624454148473	0.10744810744810743	0.11896745230078563	0.13181818181818183	0.12206572769953052	0.13513513513513514
3	0	0.1013986013986014	0.08863636363636364	0.10452961672473868	0.12832929782082325	0.14791666666666664	0.17491369390103567	0.17682198327359616	0.1463990554899646
4	0	0.07741935483870968	0.09732824427480916	0.12292682926829268	0.1400862068965517	0.16338028169014085	0.17438105489773947	0.17155266015200868	0.15943728018757328
