	False_0	False_1	False_2	False_3	False_4	False_5	False_6	False_7	False_8
0	0.012461059190031154	0.1576182136602452	0.08006535947712419	0.06435643564356436	0.10437452033768226	0.10911925175370225	0.10777521170130869	0.10534469403563129	0.1345707656612529
1	0.030769230769230767	0.24495677233429394	0.06372549019607844	0.04376012965964343	0.0953090096798213	0.12569610182975338	0.1051805337519623	0.11016291698991466	0.15165876777251186
2	0.07250755287009064	0.202275600505689	0.06505421184320266	0.043215211754537596	0.09118541033434649	0.11365564037319763	0.09710258418167582	0.11067809820732658	0.13136288998357964
3	NA	NA	NA	NA	NA	NA	NA	NA	NA
4	NA	NA	NA	NA	NA	NA	NA	NA	NA
