	False_0	False_1	False_2	False_3	False_4	True_0	True_1	True_2	True_3	True_4
0	0.5592105263157894	0.5474747474747474	0.5408560311284046	0.5343811394891944	0.5461538461538462	0.5426829268292682	0.5434995112414467	0.5622568093385214	0.5326923076923077	0.5552178318135765
1	0.48305084745762716	0.597758405977584	0.5301724137931033	0.5366876310272536	0.5997610513739545	0.524547803617571	0.5843230403800475	0.5969802555168409	0.5414937759336099	0.588500563697858
2	0.5430809399477807	0.5785876993166287	0.5408163265306122	0.5478087649402391	0.5742187500000001	0.5531400966183574	0.5428571428571428	0.5596153846153846	0.5585412667946258	0.5521951219512194
3	0.5869297163995068	0.5818561001042752	0.5714285714285715	0.5814977973568283	0.5582329317269076	0.5928571428571429	0.5881032547699215	0.586283185840708	0.5843881856540084	0.5843621399176954
4	0.48216833095577744	0.5731132075471699	0.561282932416953	0.5384615384615384	0.5387062566277837	0.49515905947441213	0.5804935370152762	0.5721040189125296	0.5520581113801453	0.5554335894621295
