	False_0	False_1	False_2	False_3	False_4	True_0	True_1	True_2	True_3	True_4
0	0.6004962779156328	0.5388828039430449	0.5393258426966292	0.5283018867924528	0.5537098560354374	0.5651672433679354	0.5363247863247863	0.5697940503432495	0.5462274176408076	0.5830429732868758
1	0.6028708133971291	0.6227208976157083	0.6487252124645893	0.6346153846153846	0.5934640522875817	0.6102189781021898	0.6279391424619641	0.6373333333333333	0.5642857142857143	0.5776173285198555
2	0.6149425287356322	0.58679706601467	0.5857142857142857	0.5767441860465117	0.607843137254902	0.5943775100401607	0.6002400960384153	0.5707814269535674	0.6055045871559632	0.5730464326160816
3	0.6428571428571429	0.5905882352941177	0.581901489117984	0.5536105032822757	0.5704467353951891	0.6531713900134952	0.5814771395076203	0.6233128834355828	0.5757225433526012	0.5834305717619603
4	0.5415282392026578	0.611731843575419	0.5702702702702703	0.6132596685082873	0.5767790262172285	0.5655608214849921	0.6174142480211082	0.617948717948718	0.6065162907268171	0.6248366013071895
