f_score,recall,accuracy,model,precision,mets,prompt,img,shots,ent_met_person,acc_met_person,ent_met_misceallonous,acc_met_misceallonous,ent_met_organization,acc_met_organization,ent_met_location,acc_met_location,ent_met_none,acc_met_none,f_score0_promptFalse,f_score4_promptFalse,f_score2_promptFalse,f_score3_promptFalse,f_score1_promptFalse
0.1342685370741483,0.17447916666666666,0.24541484716157205,bert-large-uncased-whole-word-masking-squad2,0.10912052117263844,67-317-214-547,0_prompt,False,0,,,,,,,,,,,0.1342685370741483,,,,
0.19012797074954296,0.2765957446808511,0.2262008733624454,bert-large-uncased-whole-word-masking-squad2,0.14484679665738162,104-272-155-614,4_prompt,False,0,,,,,,,,,,,,0.19012797074954296,,,
0.12997090203685743,0.1810810810810811,0.2165938864628821,bert-large-uncased-whole-word-masking-squad2,0.10136157337367625,67-303-181-594,2_prompt,False,0,,,,,,,,,,,,,0.12997090203685743,,
0.17037037037037037,0.24598930481283424,0.21746724890829694,bert-large-uncased-whole-word-masking-squad2,0.13031161473087818,92-282-157-614,3_prompt,False,0,,,,,,,,,,,,,,0.17037037037037037,
0.14919735599622289,0.21010638297872342,0.2131004366812227,bert-large-uncased-whole-word-masking-squad2,0.11566617862371889,79-297-165-604,1_prompt,False,0,,,,,,,,,,,,,,,0.14919735599622289
