	False_0	False_1	False_2	False_3	False_4
0	0.012944983818770225	0.27625354777672656	0.3765243902439024	0.2744453574363188	0.221678891605542
1	0	0.13134328358208955	0.26421404682274247	0.23942394239423945	0.36335642802155504
2	NA	NA	NA	NA	NA
3	NA	NA	NA	NA	NA
4	NA	NA	NA	NA	NA
