	False_0	False_1	False_2	False_3	False_4
0	0.00963855421686747	0.21731448763250882	0.16432865731462926	0.2279202279202279	0.2530973451327434
1	0.004842615012106538	0.1586998087954111	0.16881827209533265	0.11904761904761904	0.2082139446036294
2	0.0	0.15165876777251183	0.1269191402251791	0.17200365965233302	0.2486678507992895
3	0.004866180048661801	0.15931108719052745	0.05842696629213483	0.23047619047619045	0.21240601503759401
4	0.004830917874396135	0.21374045801526717	0.24821428571428572	0.23684210526315788	0.22393822393822393
