	False_0	False_1	False_2	False_3	False_4	False_5	False_6	False_7	False_8
0	0.5527876631079478	0.5630810092961488	0.5857740585774059	0.5811732605729877	0.5819672131147541	0.5433673469387754	0.5729303547963206	0.5876543209876542	0.5652724968314322
1	0.5577812018489985	0.5536547433903576	0.5652173913043479	0.5638629283489097	0.5714285714285714	0.5909090909090909	0.5809379727685324	0.616058394160584	0.6089552238805971
2	0.609053497942387	0.5823863636363636	0.5951359084406295	0.59375	0.5912305516265913	0.5802968960863698	0.6008230452674898	0.5834428383705651	0.5860215053763441
3	0.609625668449198	0.5675675675675675	0.5841446453407511	0.5636114911080712	0.5824175824175825	0.5688073394495413	0.5760869565217391	0.5902061855670103	0.5843293492695883
4	0.5449189985272459	0.548905109489051	0.5411061285500748	0.5422222222222223	0.5295857988165681	0.5566714490674318	0.5335276967930029	0.542234332425068	0.5522174535050072
