	False_0	False_1	False_2	False_3	False_4	False_5	False_6	False_7	False_8
0	0.5662650602409639	0.5009208103130754	0.5353535353535354	0.545077720207254	0.531496062992126	0.5399999999999999	0.5383848454636092	0.5310957551826258	0.5175097276264592
1	0.5388739946380697	0.4642857142857143	0.4788087056128293	0.4972375690607735	0.49204665959703076	0.489451476793249	0.489406779661017	0.48459086078639746	0.47568710359408034
2	0.5938242280285035	0.5201970443349753	0.5208545269582909	0.5215605749486653	0.5259117082533589	0.5412221144519884	0.5436893203883495	0.5288932419196866	0.5229007633587786
3	0.6049661399548533	0.5328330206378986	0.5258964143426295	0.5443425076452599	0.525096525096525	0.5288932419196866	0.5299313052011776	0.5234375	0.5176022835394862
4	0.5298507462686567	0.4984025559105431	0.5047318611987381	0.49734325185972367	0.5040650406504065	0.5086469989827059	0.5005107252298264	0.4836734693877551	0.4817073170731707
