	False_0	False_1	False_2	False_3	False_4	False_5	False_6	False_7	False_8	True_0	True_1	True_2	True_3	True_4	True_5	True_6	True_7	True_8
0	0.008368200836820085	0.16226071103008205	0.22374039282664387	0.22836752899197146	0.22035323801513876	0.23870417732310314	0.25156110615521854	0.20938628158844766	0.2180451127819549	0.013986013986013986	0.13565891472868216	0.19512195121951217	0.19744680851063828	0.20381110190555093	0.206308610400682	0.2141623488773748	0.17097061442564562	0.18363636363636365
1	0.0062827225130890054	0.12395929694727105	0.17314487632508835	0.17208077260755048	0.1823204419889503	0.22746419545071614	0.2376569037656904	0.20175438596491227	0.23231441048034934	0.014767932489451479	0.1	0.16087751371115172	0.16007194244604317	0.1444866920152091	0.1897163120567376	0.18339100346020762	0.14472537053182216	0.17352415026833634
2	0.0024390243902439024	0.11732851985559566	0.20384294068504596	0.20034246575342468	0.21268990169794458	0.226027397260274	0.21635883905013192	0.19253112033195022	0.20815264527320035	0.009174311926605503	0.10104861773117255	0.1694915254237288	0.17316017316017318	0.17965169569202566	0.18448275862068966	0.1825938566552901	0.15384615384615385	0.16958041958041956
3	0.009375	0.15714285714285714	0.22871452420701166	0.2250209907640638	0.2491749174917492	0.25210084033613445	0.25932203389830505	0.24033613445378152	0.25087719298245614	0.028409090909090908	0.13623462630085148	0.21307072515666964	0.21808960270498734	0.22296730930427497	0.2282793867120954	0.22564102564102562	0.20411663807890223	0.20815264527320038
4	0.024193548387096777	0.1665141811527905	0.22145922746781116	0.21777003484320556	0.23283082077051928	0.23878069432684165	0.23843416370106763	0.23406113537117906	0.24285714285714285	0.03045685279187817	0.14492753623188404	0.20326678765880216	0.22338568935427572	0.22412318220701455	0.21483375959079282	0.2173546756529065	0.18989547038327526	0.21164021164021163
