	False_0	False_1	False_2	False_3	False_4	False_5	False_6	False_7	False_8
0	0.03125	0.14233576642335768	0.1487603305785124	0.1695205479452055	0.15817223198594024	0.1692307692307692	0.16916299559471365	0.14939309056956115	0.1525262154432793
1	0.011611030478955007	0.1775700934579439	0.11204481792717087	0.15283483976992604	0.1316501352569883	0.1131351869606903	0.1447811447811448	0.15397631133671744	0.14953271028037382
2	0.009493670886075948	0.16564417177914112	0.13058419243986255	0.14665592264302982	0.1350877192982456	0.136986301369863	0.151440329218107	0.13851351351351351	0.13164556962025317
3	0.009615384615384616	0.16	0.140084388185654	0.1640127388535032	0.15551839464882944	0.16881028938906753	0.16584564860426929	0.15870307167235492	0.15644444444444447
4	0.015625	0.17975708502024293	0.12564543889845095	0.1597542242703533	0.152428810720268	0.18040435458786935	0.1922480620155039	0.18152350081037272	0.1662382176520994
