	False_0	False_1	False_2	False_3	False_4	False_5	False_6	False_7	False_8
0	0.0	0.014507772020725389	0.0	0	0.014675052410901468	0.02513464991023339	0.033932135728542916	0.08057296329453895	0.07207207207207209
1	0.0	0.006772009029345372	0.0	0	0.00984009840098401	0.007978723404255319	0.005201560468140442	0.029806259314456032	0.05050505050505051
2	0.0	0.01196172248803828	0.0	0	0.01126126126126126	0.009153318077803205	0.04421052631578948	0.049689440993788817	0.03398058252427184
3	0.0	0.0221606648199446	0.0	0	0.015469613259668507	0.013295346628679962	0.046948356807511735	0.051387461459403906	0.10155440414507773
4	0.011834319526627217	0.032663316582914576	0.006097560975609756	0	0.017326732673267325	0.01820250284414107	0.02277904328018223	0.12723214285714285	0.13627254509018036
