	False_0	False_1	False_2	False_3	False_4	False_5	False_6	False_7	False_8
0	0.012461059190031152	0.07616974972796518	0.06427221172022686	0.07653910149750416	0.06862745098039216	0.09116022099447514	0.08465608465608465	0.10424710424710425	0.10009624639076037
1	0.017660044150110375	0.07825086306098965	0.05905511811023622	0.07441860465116279	0.06716417910447761	0.07850467289719626	0.08360128617363344	0.08031088082901555	0.09999999999999998
2	0.0	0.06866002214839426	0.03501945525291829	0.06499261447562776	0.06451612903225805	0.07251908396946564	0.06596701649175413	0.07865168539325842	0.08271474019088017
3	0.0	0.07223476297968398	0.051587301587301584	0.06944444444444445	0.061176470588235284	0.08798646362098139	0.07258064516129031	0.08760951188986232	0.09331919406150582
4	0.024937655860349125	0.07925407925407925	0.05803571428571429	0.06408094435075884	0.080338266384778	0.09854014598540145	0.07553956834532374	0.09782608695652174	0.10652173913043479
