	False_0	False_1	False_2	False_3	False_4	False_5	False_6	False_7	False_8
0	0.0	0.17180094786729858	0.20689655172413796	0.211051930758988	0.2490272373540856	0.1947565543071161	0.2228116710875331	0.23462566844919783	0.22477064220183485
1	0.0	0.1830508474576271	0.2287323943661972	0.20890099909173476	0.24390243902439027	0.19944598337950137	0.22231722958529285	0.21975662133142448	0.21120228326792717
2	0.0	0.11983805668016195	0.172103487064117	0.20952380952380953	0.21969696969696967	0.21201413427561838	0.21172353455818024	0.2296793437733035	0.2017614091273018
3	0.003289473684210526	0.2057142857142857	0.19271332694151488	0.20247632920611797	0.22822002049880424	0.20510037981551815	0.24215577703949798	0.25387205387205386	0.24863685932388221
4	0.0033003300330033004	0.2455621301775148	0.25282167042889386	0.2169413568417018	0.22831050228310507	0.22042139384116693	0.2444761225944405	0.25455729166666663	0.2565289256198347
