	False_0	False_1	False_2	False_3	False_4	False_5	False_6	False_7	False_8
0	0.006289308176100629	0.1261564339781329	0.12399355877616747	0.14014839241549878	0.12779060816012316	0.12449474535165723	0.11884284597341674	0.12626656274356976	0.10636704119850188
1	0.024615384615384612	0.17871222076215504	0.1706244503078276	0.17075386012715713	0.16387665198237886	0.1918047079337402	0.14273430782459157	0.16766467065868265	0.1068825910931174
2	0.018750000000000003	0.14050493962678376	0.13311688311688313	0.1427371956339211	0.14412955465587043	0.16150234741784036	0.13202933985330073	0.14963797264682221	0.0969597370583402
3	0.006289308176100629	0.13390557939914163	0.1359683794466403	0.14100486223662886	0.14330218068535827	0.14478918058870324	0.12302839116719243	0.15335968379446638	0.10252486610558531
4	0.006289308176100629	0.19217877094972066	0.1651821862348178	0.15849673202614378	0.1630695443645084	0.1743912018853103	0.1529968454258675	0.18441971383147854	0.12791572610985705
