	False_0	False_1	False_2	False_3	False_4	False_5	False_6	False_7	False_8
0	0.0	0.07252440725244073	0.08695652173913043	0.09099901088031652	0.11042944785276074	0.11609498680738785	0.0850757029560202	0.08156329651656755	0.09684857801691006
1	0.006802721088435373	0.06581352833638024	0.09212121212121212	0.10132689987937274	0.10025062656641603	0.08819714656290531	0.09212121212121213	0.0572737686139748	0.06082725060827251
2	0.0	0.08025682182985555	0.10679611650485436	0.08439897698209718	0.096569250317662	0.08376963350785341	0.11198208286674131	0.06327683615819209	0.0850546780072904
3	0.0	0.07344632768361584	0.10904872389791181	0.11255411255411255	0.1120689655172414	0.11824668705402652	0.12836438923395446	0.10412573673870335	0.11678832116788321
4	0.0	0.06737588652482268	0.08435374149659863	0.09978308026030368	0.1228733459357278	0.12540192926045016	0.1174242424242424	0.09607686148919134	0.11476793248945148
