	False_0	False_1	False_2	False_3	False_4	False_5	False_6	False_7	False_8
0	0.0	0.1661016949152542	0.18634538152610441	0.1705298013245033	0.22473726758286172	0.2387820512820513	0.22708840227088403	0.21543408360128616	0.20770288858321873
1	0.006644518272425249	0.11476793248945148	0.1483924154987634	0.13926174496644297	0.1860082304526749	0.19423868312757198	0.16653193209377526	0.18241577649958915	0.18515562649640863
2	0.0	0.12325390304026294	0.14598540145985403	0.13923013923013924	0.173015873015873	0.1846153846153846	0.14666666666666667	0.1711491442542787	0.17211155378486054
3	0.005025125628140703	0.19607843137254904	0.1936	0.1804511278195489	0.21474358974358979	0.2421875	0.2227488151658768	0.2385908726981585	0.22720897615708271
4	0.004716981132075471	0.17006802721088435	0.19741100323624594	0.18855218855218855	0.2310177705977383	0.24564183835182252	0.2172164119066774	0.24492979719188768	0.24521615875265768
