	False_0	False_1	False_2	False_3	False_4	False_5	False_6	False_7	False_8
0	0	0.10717230008244023	0.2299229922992299	0.2544298046342572	0.2524146812620734	0.22193211488250655	0.22007978723404256	0.22810590631364563	0.2431289640591966
1	0	0.1223021582733813	0.1822064056939502	0.22167487684729065	0.2503617945007236	0.22354694485842028	0.22580645161290322	0.22871664548919948	0.2631732168850073
2	0	0.10488888888888889	0.1934566145092461	0.22887323943661972	0.23317140874392783	0.20971147079521466	0.2197549770290965	0.23179074446680084	0.24790522970239812
3	0	0.1549053356282272	0.24735449735449738	0.2555613036730471	0.24455375966268444	0.24832214765100674	0.26177285318559557	0.27499999999999997	0.2835269271383316
4	0	0.171280276816609	0.2426937738246506	0.26187717265353416	0.24251069900142655	0.23572474377745245	0.2645547945205479	0.2726918582002337	0.2783083219645293
