	False_0	False_1	False_2	False_3	False_4	False_5	False_6	False_7	False_8
0	0	0.21787709497206706	0.24334053275737938	0.23181454836131093	0.23327895595432302	0.218303946263644	0.23866348448687352	0.23831070889894418	0.2399368587213891
1	0	0.15652173913043477	0.20493642483171276	0.2347266881028939	0.2142857142857143	0.22765598650927485	0.22564102564102562	0.23529411764705885	0.21395348837209302
2	0	0.14613423959218352	0.20761762509335327	0.2356589147286822	0.2235494880546075	0.2337228714524207	0.23650793650793653	0.2336	0.227111426543648
3	0	0.2032693674484719	0.2519788918205805	0.24866514111365368	0.24960998439937598	0.25411764705882356	0.2617960426179604	0.2623906705539359	0.24272533711852373
4	0	0.17883511074651354	0.24719101123595508	0.24390243902439027	0.23695111847555925	0.2349869451697128	0.23618090452261306	NA	NA
