	False_0	False_1	False_2	False_3	False_4
0	0.4592274678111588	0.4059701492537313	0.4435564435564435	0.4113924050632911	0.4357429718875502
1	0.6683804627249358	0.610576923076923	0.624401913875598	0.5795574288724973	0.5450980392156863
2	0.6395348837209301	0.5786026200873362	0.5697091273821465	0.5546875	0.551257253384913
3	0.6195652173913044	0.5720207253886012	0.5991379310344829	0.5589155370177268	0.6062717770034842
4	0.6361386138613863	0.6228710462287105	0.5657458563535912	0.6093189964157706	0.5866666666666667
